Domain,Company Name,Industry,Email,First Name,Last Name,Full Name,Job Title,Department,Decision Maker,Email Type,Confidence Score,LinkedIn Profile,Domain Pattern,MX Active,Catch-All,Sources Count,Source URLs,Evidence Snippet,Discovered At
mooveus.fr,,,contactop@mooveus.fr,Formation,WordPress,Formation WordPress,développeur,,No,Personal,90,,,Yes,No,3,https://www.mooveus.fr/formation/formation-wordpress/ | https://www.mooveus.fr/formation/certificat-clea-management/ | https://www.mooveus.fr/formation/remise-niveau-francais/,"...re service support à contacter sur l’adresse mail contactop@mooveus.fr .ld_fancy_heading_6abdd85edaef7 h2{color:rgb(253,...",Thu Oct 01 2026 12:12:43 GMT+0000 (Coordinated Universal Time)
mooveus.fr,,,reclamation.@mooveus.fr,Formation,WordPress,Formation WordPress,développeur,,No,Personal,80,,,Yes,No,1,https://www.mooveus.fr/formation/formation-wordpress/,...re service qualité se tient à votre disposition : reclamation.@mooveus.fr Accessibilité personnes en situation de handicap...,Thu Oct 01 2026 12:12:43 GMT+0000 (Coordinated Universal Time)
mooveus.fr,,,reclamation@mooveus.fr,,,,consultant,,No,Personal,80,,,Yes,No,2,https://www.mooveus.fr/formation/certificat-clea-management/ | https://www.mooveus.fr/formation/remise-niveau-francais/,...re service qualité se tient à votre disposition : reclamation@mooveus.fr Accessibilité personnes en situation de handicap...,Thu Oct 01 2026 12:12:43 GMT+0000 (Coordinated Universal Time)
afec.fr,AFEC SAS / Groupe AFEC,Professional Training and Coaching; Adult Education; Employment and Workforce Development,paris@afec.fr,,,,responsable et les conseillers en formation de l,,Yes,Personal,80,,first.last (observed in publicly listed addresses; not validated as universal),Yes,No,3,https://www.afec.fr/rgpd/ | https://www.afec.fr/contact-du-siege/ | https://www.afec.fr/conditions-generales-utilisation/,"...nnées dans ce dispositif, vous pouvez contacter : paris@afec.frSi vous estimez, après nous avoir contactés, que v...",Thu Oct 01 2026 09:01:32 GMT+0000 (Coordinated Universal Time)
afec.fr,AFEC SAS / Groupe AFEC,Professional Training and Coaching; Adult Education; Employment and Workforce Development,poissy@afec.fr,,,,Poissy agency contact,Agency / Poissy,No,Generic,80,,first.last (observed in publicly listed addresses; not validated as universal),Yes,No,2,https://www.afec.fr/app/uploads/2023/07/C4.17-02-Fiches-locaux-POISSY.pdf | https://www.afec.fr/app/uploads/2023/02/Poissy-Fiche-locaux.pdf,AFEC Agence de Poissy... 42 Boulevard Victor Hugo 78300 Poissy... Courriel : poissy@afec.fr.,Thu Oct 01 2026 09:01:32 GMT+0000 (Coordinated Universal Time)
afec.fr,AFEC SAS / Groupe AFEC,Professional Training and Coaching; Adult Education; Employment and Workforce Development,lille@afec.fr,,,,Lille center contact,Agency / Lille,No,Generic,80,https://www.linkedin.com/company/afec-lille,first.last (observed in publicly listed addresses; not validated as universal),Yes,No,2,https://www.linkedin.com/company/afec | https://www.linkedin.com/company/afec-lille,Pour s'inscrire contactez le 07 81 60 84 92 ou par mail à lille@afec.fr.,Thu Oct 01 2026 09:01:32 GMT+0000 (Coordinated Universal Time)
afec.fr,AFEC SAS / Groupe AFEC,Professional Training and Coaching; Adult Education; Employment and Workforce Development,contact@afec.fr,,,,General contact,General / Public Enquiries,No,Generic,70,,first.last (observed in publicly listed addresses; not validated as universal),Yes,No,1,https://www.afec.fr/blog/actualites/defi-sante-emploi-le-groupe-afec-deploie-un-accompagnement-pour-lever-les-freins-de-sante-au-retour-a-lemploi/,Contacts — Groupe AFEC — Site : https://www.afec.fr — Email : contact@afec.fr.,Thu Oct 01 2026 09:01:32 GMT+0000 (Coordinated Universal Time)
afec.fr,AFEC SAS / Groupe AFEC,Professional Training and Coaching; Adult Education; Employment and Workforce Development,montreuil@afec.fr,,,,Montreuil center contact,Agency / Montreuil,No,Generic,70,,first.last (observed in publicly listed addresses; not validated as universal),Yes,No,1,https://www.afec.fr/app/uploads/2020/10/Montreuil-fiche-locaux.pdf,Adresse: 41 rue Emile Zola 93100 Montreuil... Courriel: montreuil@afec.fr.,Thu Oct 01 2026 09:01:32 GMT+0000 (Coordinated Universal Time)
afec.fr,AFEC SAS / Groupe AFEC,Professional Training and Coaching; Adult Education; Employment and Workforce Development,contact-95@afec.fr,,,,Regional administrative contact,General / Val-d’Oise,No,Generic,70,,first.last (observed in publicly listed addresses; not validated as universal),Yes,No,1,https://www.afec.fr/app/uploads/2020/10/St-Maur-des-Fosses-Fiche-locaux.pdf,Secrétaire... contact-95@afec.fr.,Thu Oct 01 2026 09:01:32 GMT+0000 (Coordinated Universal Time)
afec.fr,AFEC SAS / Groupe AFEC,Professional Training and Coaching; Adult Education; Employment and Workforce Development,angouleme@afec.fr,,,,Angoulême center contact,Agency / Angoulême,No,Generic,70,https://fr.linkedin.com/in/afec-angouleme-4161a632a,first.last (observed in publicly listed addresses; not validated as universal),Yes,No,1,https://fr.linkedin.com/in/afec-angouleme-4161a632a,Nous sommes disponibles également Par téléphone 0545617840 Par mail angouleme@afec.fr.,Thu Oct 01 2026 09:01:32 GMT+0000 (Coordinated Universal Time)
insermedia.com,,,c.borella@insermedia.com,PARCOURS,DE FORMATION,PARCOURS DE FORMATION,,,No,Personal,85,,{f}.{last},Yes,No,3,https://insermedia33.weebly.com/formations-fle.html | https://www.cri-aquitaine.org/lieux-de-formation/fiche-repertoire/insermedia/ | https://www.cri-aquitaine.org/lieux-de-formation/fiche-repertoire/insermedia-3/,...à contact@insermedia.com. Contact: 07 69 50 46 32 c.borella@insermedia.com,2026-10-02T08:20:40.572Z
insermedia.com,,,emailc.borella@insermedia.com,,,,,,No,Personal,75,,{f}.{last},Yes,No,2,https://www.cri-aquitaine.org/lieux-de-formation/fiche-repertoire/insermedia/ | https://www.cri-aquitaine.org/lieux-de-formation/fiche-repertoire/insermedia-3/,"tarteaucitron.init({ ""privacyUrl"": ""https://www.cri-aquitaine.org/mentions-legales/"", /* Privacy policy url */ ""hashtag"": ""#tarteaucitron"", ...",2026-10-02T08:20:40.572Z
insermedia.com,,,contact@insermedia.com,PARCOURS,DE FORMATION,PARCOURS DE FORMATION,,,No,Generic,85,,{f}.{last},Yes,No,5,https://www.cmaformation-na.fr/organismes/view/7202992 | https://www.facebook.com/Insermedia/ | https://insermedia33.weebly.com/formations-fle.html | https://www.intercariforef.org/formations/details/organisme-02_553.html | https://fr.linkedin.com/company/insermedia,contact@insermedia.com,2026-10-02T08:20:40.572Z
leolagrange-formation.fr,,,idf.developpement@leolagrange-formation.fr,Idf,Developpement,Idf Developpement,,,No,Personal,75,,{first}.{last},Yes,No,1,https://www.leolagrange-formation.fr/centres/saint-denis/,idf.developpement@leolagrange-formation.fr,2026-10-02T08:21:35.165Z
leolagrange-formation.fr,,,ingenierie@leolagrange-formation.fr,,,,,,No,Personal,65,,{first}.{last},Yes,No,1,https://ifra.leolagrange-formation.fr/,...rue Maurice Moissonnier 69517 Vaulx-en-Velin Cedexingenierie@leolagrange-formation.fr leolagrange-formation.fr,2026-10-02T08:21:35.165Z
leolagrange-formation.fr,,,occitanie.34@leolagrange-formation.fr,,,,,,No,Personal,65,,{first}.{last},Yes,No,1,https://www.leolagrange-formation.fr/centres/sete/,occitanie.34@leolagrange-formation.fr,2026-10-02T08:21:35.165Z
leolagrange-formation.fr,,,occitanie.46@leolagrange-formation.fr,,,,,,No,Personal,65,,{first}.{last},Yes,No,1,https://www.leolagrange-formation.fr/centres/cahors/,occitanie.46@leolagrange-formation.fr,2026-10-02T08:21:35.165Z
leolagrange-formation.fr,,,pdl@leolagrange-formation.fr,,,,,,No,Personal,65,,{first}.{last},Yes,No,1,https://www.leolagrange-formation.fr/centres/guerande/,pdl@leolagrange-formation.fr,2026-10-02T08:21:35.165Z
leolagrange-formation.fr,,,dpo@leolagrange-formation.fr,,,,,,No,Generic,75,,{first}.{last},Yes,No,2,https://www.leolagrange-formation.fr/contact | https://www.leolagrange-formation.fr/contact/,"...xercer ces droits en vous adressant par écrit à : dpo@leolagrange-formation.fr ou à Léo Lagrange Formation, 2 rue Maurice Moisso...",2026-10-02T08:21:35.165Z
laligue24.org,Ligue de l’enseignement de la Dordogne (Ligue 24),"Nonprofit education, training, social economy and community services",alexia@laligue24.org,,,,Responsable du service et coordinatrice de la vie f,,Yes,Personal,80,,not reliably determinable; do not infer individual addresses,Yes,No,2,https://laligue24.org/actions/vie-associative/centre-de-ressources | https://laligue24.org/actions/vie-associative/affiliations,La Ligue de l’enseignement est une association professionnelle de l’accompagnement à la vie associative ! Elle fédère environ 350 associatio...,2026-10-02T08:22:07.799Z
laligue24.org,Ligue de l’enseignement de la Dordogne (Ligue 24),"Nonprofit education, training, social economy and community services",laure@laligue24.org,,,,Responsable du service et coordinatrice de la vie f,,Yes,Personal,70,,not reliably determinable; do not infer individual addresses,Yes,No,1,https://laligue24.org/actions/vie-associative/affiliations,"Défendre et appartenir à un mouvement associatif d'éducation populaire En Dordogne, la ligue de l'enseignement fédère près de 350 associatio...",2026-10-02T08:22:07.799Z
laligue24.org,Ligue de l’enseignement de la Dordogne (Ligue 24),"Nonprofit education, training, social economy and community services",yann@laligue24.org,Yann,,Yann,Responsible / coordinator; exact surname not identified,Training,No,Personal,80,,not reliably determinable; do not infer individual addresses,Yes,No,1,https://liguenouvelleaquitaine.org/wp-content/uploads/2023/07/Plaquette-CQP-2023-2024.pdf,yann@laligue24.org ... Responsable/ Coordinatrice,2026-10-02T08:22:07.799Z
laligue24.org,Ligue de l’enseignement de la Dordogne (Ligue 24),"Nonprofit education, training, social economy and community services",julia@laligue24.org,Julia,,Julia,JPA 24 contact; exact surname and role not identified,Youth and holiday activities,No,Personal,80,,not reliably determinable; do not infer individual addresses,Yes,No,1,https://jpa.asso.fr/etablissements/jpa-24-dordogne/,julia@laligue24.org,2026-10-02T08:22:07.799Z
laligue24.org,Ligue de l’enseignement de la Dordogne (Ligue 24),"Nonprofit education, training, social economy and community services",usep@laligue24.org,,,,USEP 24 service contact,School sport,No,Generic,80,,not reliably determinable; do not infer individual addresses,Yes,No,2,https://crdva.laligue24.org/adherer | https://laligue24.org/images/docs/culture/calendrier-2016-2017.pdf,USEP 24 ... 05 53 02 44 17 / usep@laligue24.org,2026-10-02T08:22:07.799Z
laligue24.org,Ligue de l’enseignement de la Dordogne (Ligue 24),"Nonprofit education, training, social economy and community services",culture@laligue24.org,,,,Service contact,"Culture, citizenship and youth",No,Generic,80,,not reliably determinable; do not infer individual addresses,Yes,No,2,https://laligue24.org/images/docs/culture/calendrier-2016-2017.pdf | https://laligue24.org/images/docs/culture/plaquette-ligue-ecole.pdf,SERVICE CULTURE CITOYENNETÉ JEUNESSE ... emails : culture@laligue24.org,2026-10-02T08:22:07.799Z
laligue24.org,Ligue de l’enseignement de la Dordogne (Ligue 24),"Nonprofit education, training, social economy and community services",multimedia@laligue24.org,,,,Service contact,Digital and multimedia,No,Generic,80,,not reliably determinable; do not infer individual addresses,Yes,No,2,https://laligue24.org/images/docs/culture/calendrier-2016-2017.pdf | https://laligue24.org/images/docs/formation/Offres_de_formations_Perigueux.pdf,SERVICE MULTIMÉDIA ... email : multimedia@laligue24.org,2026-10-02T08:22:07.799Z
laligue24.org,Ligue de l’enseignement de la Dordogne (Ligue 24),"Nonprofit education, training, social economy and community services",vacances@laligue24.org,,,,Service contact,Vacations and tourism,No,Generic,80,,not reliably determinable; do not infer individual addresses,Yes,No,2,https://www.volca-sancy.com/ | https://laligue24.org/images/docs/vtd/brochure-colos-juniors_2026.pdf,La ligue 24 / Vacances pour tous ... E-mail : vacances@laligue24.org,2026-10-02T08:22:07.799Z
laligue24.org,Ligue de l’enseignement de la Dordogne (Ligue 24),"Nonprofit education, training, social economy and community services",af2p@laligue24.org,,,,AF2P contact,Professional training and adult education,No,Generic,80,,not reliably determinable; do not infer individual addresses,Yes,No,2,https://www.intercariforef.org/formations/action-socio-linguistique-complementaire-du-cir/formation-02_202409265398_00756508.html | https://www.laligue24.org/images/docs/formation/indicateurs.pdf,AF2P / Ligue de l’Enseignement 24 ... af2p@laligue24.org,2026-10-02T08:22:07.799Z
laligue24.org,Ligue de l’enseignement de la Dordogne (Ligue 24),"Nonprofit education, training, social economy and community services",contact@laligue24.org,,,,General contact,General administration,No,Generic,70,,not reliably determinable; do not infer individual addresses,Yes,No,1,https://laligue24.org/images/docs/culture/calendrier-2016-2017.pdf,Ligue de l’enseignement de la Dordogne ... email : contact@laligue24.org,2026-10-02T08:22:07.799Z
laligue24.org,Ligue de l’enseignement de la Dordogne (Ligue 24),"Nonprofit education, training, social economy and community services",sgeneral@laligue24.org,,,,Secretariat general contact,Executive administration,No,Generic,70,,not reliably determinable; do not infer individual addresses,Yes,No,1,https://www.graine-nouvelle-aquitaine.fr/150-les-acteurs/115-ligue-de-l-enseignement-de-la-dordogne.html,Email : sgeneral@laligue24.org,2026-10-02T08:22:07.799Z
laligue24.org,Ligue de l’enseignement de la Dordogne (Ligue 24),"Nonprofit education, training, social economy and community services",associations@laligue24.org,,,,Service contact,Vie associative,No,Generic,70,,not reliably determinable; do not infer individual addresses,Yes,No,1,https://crdva.laligue24.org/adherer,Service Vie Associative ... 05 53 02 44 00 / associations@laligue24.org,2026-10-02T08:22:07.799Z
laligue24.org,Ligue de l’enseignement de la Dordogne (Ligue 24),"Nonprofit education, training, social economy and community services",ufolep@laligue24.org,,,,UFOLEP 24 service contact,Sport,No,Generic,70,,not reliably determinable; do not infer individual addresses,Yes,No,1,https://crdva.laligue24.org/adherer,Service UFOLEP ... 05 53 02 44 15 / ufolep@laligue24.org,2026-10-02T08:22:07.799Z
laligue24.org,Ligue de l’enseignement de la Dordogne (Ligue 24),"Nonprofit education, training, social economy and community services",education@laligue24.org,,,,Service contact,Education,No,Generic,70,,not reliably determinable; do not infer individual addresses,Yes,No,1,https://laligue24.org/images/docs/culture/calendrier-2016-2017.pdf,"ÉDUCATION, USEP, LIRE ET FAIRE LIRE ... emails : education@laligue24.org",2026-10-02T08:22:07.799Z
laligue24.org,Ligue de l’enseignement de la Dordogne (Ligue 24),"Nonprofit education, training, social economy and community services",classes@laligue24.org,,,,Service contact,Educational trips and discovery classes,No,Generic,70,,not reliably determinable; do not infer individual addresses,Yes,No,1,https://laligue24.org/images/docs/culture/calendrier-2016-2017.pdf,SERVICE VACANCES DÉCOUVERTES ... emails : classes@laligue24.org,2026-10-02T08:22:07.799Z
laligue24.org,Ligue de l’enseignement de la Dordogne (Ligue 24),"Nonprofit education, training, social economy and community services",bafa@laligue24.org,,,,BAFA/BAFD contact,Training,No,Generic,70,,not reliably determinable; do not infer individual addresses,Yes,No,1,https://laligue24.org/images/docs/vtd/BAFA-BAFD_2025-2026_web.pdf,FORMATIONS BAFA / BAFD ... email : bafa@laligue24.org,2026-10-02T08:22:07.799Z
laligue24.org,Ligue de l’enseignement de la Dordogne (Ligue 24),"Nonprofit education, training, social economy and community services",formation@laligue24.org,,,,Training contact,Professional training,No,Generic,70,,not reliably determinable; do not infer individual addresses,Yes,No,1,https://www.intercariforef.org/formations/action-socio-linguistique-complementaire-du-cir/formation-02_202409265398_00756508.html,Contact de l'organisme formateur ... formation@laligue24.org,2026-10-02T08:22:07.799Z
laligue24.org,Ligue de l’enseignement de la Dordogne (Ligue 24),"Nonprofit education, training, social economy and community services",app@laligue24.org,,,,APP contact,Adult training and social-professional insertion,No,Generic,70,,not reliably determinable; do not infer individual addresses,Yes,No,1,https://la-cab.fr/competence-sante/annuaire-des-acteurs-accueil/annuaire-des-acteurs-app-ligue-de-lenseignement/,Courriel : app@laligue24.org,2026-10-02T08:22:07.799Z
infrep.org,,,contact45@infrep.org,Nadia,DA SILVA,Nadia DA SILVA,Responsable d,,Yes,Personal,80,,,Yes,No,1,https://www.infrep.org/agences/orleans/,...e l'agence Actualités de l'agenceContactez-nous : contact45@infrep.org,Thu Oct 01 2026 12:20:40 GMT+0000 (Coordinated Universal Time)
infrep.org,,,infrep76@infrep.org,Sébastien,DUBOST,Sébastien DUBOST,Directeur R,,Yes,Personal,80,,,Yes,No,1,https://www.infrep.org/agences/rouen/,...e l'agence Actualités de l'agenceContactez-nous : infrep76@infrep.org,Thu Oct 01 2026 12:20:40 GMT+0000 (Coordinated Universal Time)
infrep.org,,,infrep92@infrep.org,Amine,HADDOUMI,Amine HADDOUMI,,,No,Personal,75,,,Yes,No,1,https://www.infrep.org/agences/boulogne/,...e l'agence Actualités de l'agenceContactez-nous : infrep92@infrep.org,Thu Oct 01 2026 12:20:40 GMT+0000 (Coordinated Universal Time)
infrep.org,,,infrep75@infrep.org,,,,,,No,Personal,75,,,Yes,No,2,https://www.infrep.org/titre-professionnel-asca-assistant-e-de-comptabilite-et-dadministration/ | https://www.infrep.org/ouverture-des-inscriptions-des-prochaines-sessions-de-formation/,...pprentissageContactez-nous au 01 53 62 21 91 ou à infrep75@infrep.org pour venir aux informations collectives et nous r...,Thu Oct 01 2026 12:20:40 GMT+0000 (Coordinated Universal Time)
infrep.org,,,infrep34@infrep.org,,,,Commercial,,No,Personal,70,,,Yes,No,1,https://www.infrep.org/formationsmontpellier/,...recrutement !Contactez-nous au 04.67.06.50.08 ou infrep34@infrep.orgCommerce – VentePlusieurs sessions par an – TP Emp...,Thu Oct 01 2026 12:20:40 GMT+0000 (Coordinated Universal Time)
infrep.org,,,infrep07@infrep.org,,,,,,No,Personal,65,,,Yes,No,1,https://www.infrep.org/atelier-de-lalternance/,...votre date et contactez nous au 04 75 35 50 50 ou infrep07@infrep.org. Publié le 29 mars 2021 Partagez cet article Part...,Thu Oct 01 2026 12:20:40 GMT+0000 (Coordinated Universal Time)
infrep.org,,,infrep33@infrep.org,,,,,,No,Personal,65,,,Yes,No,1,https://www.infrep.org/acceleremploi/,...actez-nous pour plus d&rsquo;informations &#8211; infrep33@infrep.org Prestation disponible sur les agences de Bordeaux...,Thu Oct 01 2026 12:20:40 GMT+0000 (Coordinated Universal Time)
infrep.org,,,infrep64@infrep.org,,,,,,No,Personal,65,,,Yes,No,1,https://www.infrep.org/parcours-handi/,par mail : infrep64@infrep.org,Thu Oct 01 2026 12:20:40 GMT+0000 (Coordinated Universal Time)
eva24.fr,,,,,,,,,,,,,,Yes,No,0,,No public emails found in crawled perimeter,2026-10-02T08:22:32.366Z
idc-formation.fr,IDC FORMATION,Professional Training and Education Administration Programs,m.neiro-vasquez@idc-formation.fr,Maud,Neiro Vazquez,Maud Neiro Vazquez,Responsable de Marchés,Language-training programs / Public contracts,Yes,Personal,80,,{f}.{last},Yes,No,1,https://idc-formation.fr/formation-linguistique-du-contrat-dintegration-republicaine-cir/,.... Contact NEIRO VAZQUEZ MaudResponsable de Marchésm.neiro-vasquez@idc-formation.fr Notre organisme répond aux critères de qualité le...,2026-10-02T08:23:00.645Z
idc-formation.fr,IDC FORMATION,Professional Training and Education Administration Programs,rgpd.dpo@idc-formation.fr,Rgpd,Dpo,Rgpd Dpo,DPO,,No,Personal,90,,{f}.{last},Yes,No,9,https://idc-formation.fr/contact/ | https://idc-formation.fr/formation-civique/ | https://idc-formation.fr/certificat-de-qualification-professionnel-receptionniste-cqp-dupliquer-8884/ | https://idc-formation.fr/titre-professionnel-gouvernante-hotellerie/ | https://idc-formation.fr/certificat-de-qualification-professionnel-receptionniste-hotellerie-et-hotellerie-de-plein-air-option-anglais/ | https://idc-formation.fr/assistante-de-vie-aux-familles-ccp1-et-ccp2/ | https://idc-formation.fr/sauveteur-secouriste-du-travail-sst-initial/ | https://idc-formation.fr/sauveteur-secouriste-du-travail-sst-maintien-et-actualisation-des-competences/ | https://www.idc-formation.fr/cgu.html,"...nt le DPO de IDC FORMATION à l’adresse suivante : rgpd.dpo@idc-formation.fr Pour plus d’informations, vous pouvez consulter l...",2026-10-02T08:23:00.645Z
idc-formation.fr,IDC FORMATION,Professional Training and Education Administration Programs,referenthandicap@idc-formation.fr,,,,DPO,,No,Personal,80,,{f}.{last},Yes,No,5,https://idc-formation.fr/certificat-de-qualification-professionnel-receptionniste-cqp-dupliquer-8884/ | https://idc-formation.fr/titre-professionnel-gouvernante-hotellerie/ | https://idc-formation.fr/certificat-de-qualification-professionnel-receptionniste-hotellerie-et-hotellerie-de-plein-air-option-anglais/ | https://idc-formation.fr/assistante-de-vie-aux-familles-ccp1-et-ccp2/ | https://idc-formation.fr/accueil-des-personnes-en-situation-de-handicap/,...tre formation. Pour nous contacter sur ce sujet : referenthandicap@idc-formation.fr Prérequis Les candidats sélectionnés pour bénéfic...,2026-10-02T08:23:00.645Z
idc-formation.fr,IDC FORMATION,Professional Training and Education Administration Programs,formationcontinue@idc-formation.fr,,,,DPO,,No,Personal,80,,{f}.{last},Yes,No,4,https://idc-formation.fr/certificat-de-qualification-professionnel-receptionniste-cqp-dupliquer-8884/ | https://idc-formation.fr/titre-professionnel-gouvernante-hotellerie/ | https://idc-formation.fr/certificat-de-qualification-professionnel-receptionniste-hotellerie-et-hotellerie-de-plein-air-option-anglais/ | https://idc-formation.fr/assistante-de-vie-aux-familles-ccp1-et-ccp2/,...ription à une réunion d’’information collective : formationcontinue@idc-formation.fr – 01 42 50 61 37 Tarifs Action financée par Franc...,2026-10-02T08:23:00.645Z
idc-formation.fr,IDC FORMATION,Professional Training and Education Administration Programs,nue@idc-formation.fr,,,,DPO,,No,Personal,80,,{f}.{last},Yes,No,2,https://idc-formation.fr/sauveteur-secouriste-du-travail-sst-initial/ | https://idc-formation.fr/sauveteur-secouriste-du-travail-sst-maintien-et-actualisation-des-competences/,...e DENOSTTél. : 01 41 07 90 30Mail : formationcontinue@idc-formation.fr Indicateurs Taux d'obtention 0 % Données arrêtées...,2026-10-02T08:23:00.645Z
idc-formation.fr,IDC FORMATION,Professional Training and Education Administration Programs,t.nicod-rouaud@idc-formation.fr,,,,DPO,,No,Personal,80,,{f}.{last},Yes,No,2,https://idc-formation.fr/formation-civique/ | https://fr.linkedin.com/in/tri-nr,"...n – Coordinateur Pédagogique 91, 94 et 77 Email : t.nicod-rouaud@idc-formation.fr Lieux de formation 1 Avenue Youri Gagarine93000 B...",2026-10-02T08:23:00.645Z
idc-formation.fr,IDC FORMATION,Professional Training and Education Administration Programs,a.bessalem@idc-formation.fr,,,,DPO,,No,Personal,70,,{f}.{last},Yes,No,1,https://idc-formation.fr/formation-civique/,...ALEM Athman – Coordinateur Pédagogique 93 Email : a.bessalem@idc-formation.fr NICOD ROUAUD Tristan – Coordinateur Pédagogique 9...,2026-10-02T08:23:00.645Z
idc-formation.fr,IDC FORMATION,Professional Training and Education Administration Programs,contact@idc-formation.fr,,,,General contact,Administration / General inquiries,No,Generic,80,,{f}.{last},Yes,No,3,https://idc-formation.fr/mentions-legales/ | https://www.idc-formation.fr/mentions-l%C3%A9gales.html | https://idc-formation.fr/contact/,...91880 Téléphone : 01 45 58 75 07 Adresse e-mail : contact@idc-formation.fr Directeur de la publication : Salah AIT MADI Hébe...,2026-10-02T08:23:00.645Z
idc-formation.fr,IDC FORMATION,Professional Training and Education Administration Programs,adm@idc-formation.fr,,,,Administrative contact,Administration,No,Generic,80,,{f}.{last},Yes,No,2,https://www.idc-formation.fr/cgu.html | https://idc-formation.fr/idcfle/phone/informations-l%C3%A9gales.html,"numéro de téléphone : 01 45 58 75 07, numéro de courrier électronique : adm@idc-formation.fr ... Le Directeur de la publication est : Salah AIT MADI.",2026-10-02T08:23:00.645Z
idc-formation.fr,IDC FORMATION,Professional Training and Education Administration Programs,ofii.pdl@idc-formation.fr,,,,Regional program contact,OFII linguistic training - Pays de la Loire,No,Generic,80,,{f}.{last},Yes,No,2,https://www.idc-formation.fr/linguistique-pays-de-la-loire.html | https://idc-formation.fr/formation-linguistique-du-contrat-dintegration-republicaine-cir/,Coordonnées de la coordination du Marché Formation linguistique ... ofii.pdl@idc-formation.fr,2026-10-02T08:23:00.645Z
afept.fr,,,dpo@afept.fr,,,,Propriétaire,,Yes,Generic,80,,{first}.{last},Yes,No,2,https://afept.fr/mentions-legales | https://afept.fr/informations,"...n des données utilisateurs, contactez Lisa DRAI – dpo@afept.fr Le site n'est pas déclaré à la CNIL car il ne rec...",2026-10-02T08:23:39.173Z
afept.fr,,,contact.rh@afept.fr,Contact,Rh,Contact Rh,,,No,Personal,85,,{first}.{last},Yes,No,2,https://afept.fr/actus/recrutement-formateur-amb | https://afept.fr/actus/page:2,...ver le défi ? Envoyez dès maintenant votre CV à : contact.rh@afept.fr,2026-10-02T08:23:39.173Z
afept.fr,,,lisa.drai@afept.fr,Lisa,DRAI,Lisa DRAI,direction@afept.fr Le responsable publication est,,No,Personal,40,,{first}.{last},Yes,No,1,https://afept.fr/mentions-legales,RAI Responsable publication : Lisa DRAI – direction@afept.fr Le responsable publication est une personne physi,2026-10-02T08:23:39.173Z
afept.fr,,,contact@afept.fr,,,,,,No,Generic,75,,{first}.{last},Yes,No,38,https://afept.fr/ | https://afept.fr/mentions-legales | https://afept.fr/actus/recrutement-formateur-amb | https://afept.fr/actus | https://afept.fr/pr%C3%A9sentation | https://afept.fr/dispositifs/accompagnement-orientation3 | https://afept.fr/dispositifs/ecole-de-la-deuxieme-chance | https://afept.fr/dispositifs/ecole-de-la-deuxieme-chance/equipe-e2c | https://afept.fr/dispositifs/app | https://afept.fr/dispositifs/aci | https://afept.fr/actus/projet-nature-et-perspectives-tout-le-monde-sengage | https://afept.fr/actus/forum-asso-bdx-2026 | https://afept.fr/index | https://afept.fr/cgv | https://afept.fr/actus/dispositifs:E2C | https://afept.fr/actus/page:2 | https://afept.fr/actus/page:3 | https://afept.fr/informations | https://afept.fr/actus/page:4 | https://afept.fr/actus/page:5 | https://afept.fr/actus/page:6 | https://afept.fr/actus/page:8 | https://afept.fr/actus/page:7 | https://afept.fr/actus/page:9 | https://afept.fr/actus/page:12 | https://afept.fr/actus/page:11 | https://afept.fr/actus/page:10 | https://afept.fr/actus/page:13 | https://afept.fr/actus/page:15 | https://afept.fr/actus/page:14 | https://afept.fr/actus/page:16 | https://afept.fr/actus/page:18 | https://afept.fr/pr%C3%A9sentation/approche-p%C3%A9dagogique | https://afept.fr/actus/page:17 | https://afept.fr/dispositifs | https://afept.fr/inscription | https://afept.fr/entreprises | https://afept.fr/dispositifs/ecole-de-la-deuxieme-chance/presentation-du-dispositif,"...0 rue de Marseille, 33000 Bordeaux 05 56 02 25 26 contact@afept.fr",2026-10-02T08:23:39.173Z
afept.fr,,,info@afept.fr,,,,conseiller,,No,Generic,70,,{first}.{last},Yes,No,1,https://afept.fr/dispositifs/app,"...ise ? Chaque demande est unique. Contactez-nous à info@afept.fr ou au 06 99 11 52 25, nous serons ravis de vous c...",2026-10-02T08:23:39.173Z
afept.fr,,,direction@afept.fr,,,,,,No,Generic,65,,{first}.{last},Yes,No,1,https://afept.fr/mentions-legales,...: Lisa DRAI Responsable publication : Lisa DRAI – direction@afept.fr Le responsable publication est une personne physi...,2026-10-02T08:23:39.173Z
laligue47.org,Ligue de l’enseignement – Fédération des Œuvres Laïques de Lot-et-Garonne,"Nonprofit Education, Popular Education, Training, Culture, Sport and Youth Services",pnguyenvan@laligue47.org,Priscilla,Nguyen Van,Priscilla Nguyen Van,Déléguée générale,Executive / General Management,Yes,Personal,100,https://fr.linkedin.com/in/priscilla-nguyen-van-948462174,{f}{last},Yes,No,4,https://www.laligue47.org/images/pdf/ligue47/Projet_f%C3%A9d%C3%A9ral_2022-2025.pdf | https://laligue47.org/contacts | https://fr.linkedin.com/in/priscilla-nguyen-van-948462174 | https://fr.linkedin.com/jobs/view/animateur-trice-socioculturel-et-emi-4447881964,"Déléguée Générale : Priscilla Nguyen Van, pnguyenvan@laligue47.org",2026-10-02T08:24:26.629Z
laligue47.org,Ligue de l’enseignement – Fédération des Œuvres Laïques de Lot-et-Garonne,"Nonprofit Education, Popular Education, Training, Culture, Sport and Youth Services",barmero@laligue47.org,Benjamin,Armero,Benjamin Armero,Gestion et administration / Responsable administratif et financier,Finance / Administration,Yes,Personal,100,,{f}{last},Yes,No,2,https://www.laligue47.org/images/pdf/ligue47/Projet_f%C3%A9d%C3%A9ral_2022-2025.pdf | https://www.laligue47.org/images/Organigramme_Ligue_47_2022.pdf,"Gestion et administration : Benjamin Armero, barmero@laligue47.org",2026-10-02T08:24:26.629Z
laligue47.org,Ligue de l’enseignement – Fédération des Œuvres Laïques de Lot-et-Garonne,"Nonprofit Education, Popular Education, Training, Culture, Sport and Youth Services",ccarli@laligue47.org,Déléguée,Générale,Déléguée Générale,,,No,Personal,100,,{f}{last},Yes,No,3,https://laligue47.org/contacts | https://www.laligue47.org/images/pdf/ligue47/Projet_f%C3%A9d%C3%A9ral_2022-2025.pdf | https://associations.laligue47.org/images/docs/Livret_de_pr%C3%A9sentation_Ligue_de_lenseignement_2024-2025.pdf,Déléguée Générale Priscilla NGUYEN VAN– Cette adresse e-mail est protégée contre les robots spammeurs. Vous devez activer le JavaScript pour...,2026-10-02T08:24:26.629Z
laligue47.org,Ligue de l’enseignement – Fédération des Œuvres Laïques de Lot-et-Garonne,"Nonprofit Education, Popular Education, Training, Culture, Sport and Youth Services",mvioleau@laligue47.org,Déléguée,Générale,Déléguée Générale,,,No,Personal,100,,{f}{last},Yes,No,3,https://laligue47.org/contacts | https://www.laligue47.org/images/pdf/ligue47/Projet_f%C3%A9d%C3%A9ral_2022-2025.pdf | https://www.laligue47.org/images/pdf/actus/Ligue_47_-_rapport_activit%C3%A9_2019.pdf,Déléguée Générale Priscilla NGUYEN VAN– Cette adresse e-mail est protégée contre les robots spammeurs. Vous devez activer le JavaScript pour...,2026-10-02T08:24:26.629Z
laligue47.org,Ligue de l’enseignement – Fédération des Œuvres Laïques de Lot-et-Garonne,"Nonprofit Education, Popular Education, Training, Culture, Sport and Youth Services",xvernet@laligue47.org,Déléguée,Générale,Déléguée Générale,,,No,Personal,100,,{f}{last},Yes,No,3,https://laligue47.org/contacts | https://www.laligue47.org/images/pdf/ligue47/Projet_f%C3%A9d%C3%A9ral_2022-2025.pdf | https://www.laligue47.org/images/Organigramme_Ligue_47_2022.pdf,Déléguée Générale Priscilla NGUYEN VAN– Cette adresse e-mail est protégée contre les robots spammeurs. Vous devez activer le JavaScript pour...,2026-10-02T08:24:26.629Z
laligue47.org,Ligue de l’enseignement – Fédération des Œuvres Laïques de Lot-et-Garonne,"Nonprofit Education, Popular Education, Training, Culture, Sport and Youth Services",fdufour@laligue47.org,François,Dufour,François Dufour,"Délégué Vacances, Classes de découverte et VSE",Vacations / Educational Travel,No,Personal,100,,{f}{last},Yes,No,3,https://www.laligue47.org/images/pdf/ligue47/Projet_f%C3%A9d%C3%A9ral_2022-2025.pdf | https://laligue47.org/contacts | https://www.laligue47.org/images/Organigramme_Ligue_47_-_mars2024.pdf,"Vacances, séjours et loisirs éducatifs : François Dufour, fdufour@laligue47.org",2026-10-02T08:24:26.629Z
laligue47.org,Ligue de l’enseignement – Fédération des Œuvres Laïques de Lot-et-Garonne,"Nonprofit Education, Popular Education, Training, Culture, Sport and Youth Services",gmartin@laligue47.org,Géraldine,Martin,Géraldine Martin,"Déléguée Culture, Arts et Éducation",Culture / Arts / Education,No,Personal,100,,{f}{last},Yes,No,2,https://www.laligue47.org/images/pdf/ligue47/Projet_f%C3%A9déral_2022-2025.pdf | https://www.laligue47.org/images/Organigramme_Ligue_47_-_mars2024.pdf,"Culture et arts : Géraldine Martin, gmartin@laligue47.org",2026-10-02T08:24:26.629Z
laligue47.org,Ligue de l’enseignement – Fédération des Œuvres Laïques de Lot-et-Garonne,"Nonprofit Education, Popular Education, Training, Culture, Sport and Youth Services",mmazzarese@laligue47.org,Maxime,Mazzarèse,Maxime Mazzarèse,Délégué sports scolaires USEP,Sport scolaire / USEP,No,Personal,100,,{f}{last},Yes,No,2,https://www.laligue47.org/images/pdf/ligue47/Projet_f%C3%A9d%C3%A9ral_2022-2025.pdf | https://www.laligue47.org/images/pdf/actus/Ligue_47_-_rapport_activit%C3%A9_2019.pdf,"Usep, sport scolaire : Maxime Mazzarèse, mmazzarese@laligue47.org",2026-10-02T08:24:26.629Z
laligue47.org,Ligue de l’enseignement – Fédération des Œuvres Laïques de Lot-et-Garonne,"Nonprofit Education, Popular Education, Training, Culture, Sport and Youth Services",ccarbo@laligue47.org,,,,,,No,Personal,80,,{f}{last},Yes,No,1,https://laligue47.org/education/education-a-l-image/ecoles-et-cinema,"Ecoles et cinéma La Ligue de l'enseignement , désignée par le Ministère de la Culture, coordonne depuis sa création l'opération École et Cin...",2026-10-02T08:24:26.629Z
laligue47.org,Ligue de l’enseignement – Fédération des Œuvres Laïques de Lot-et-Garonne,"Nonprofit Education, Popular Education, Training, Culture, Sport and Youth Services",contact@laligue47.org,,,,General contact,Administration / General,No,Generic,95,,{f}{last},Yes,No,39,https://laligue47.org/mentions-legales | https://laligue47.org/vacances/nos-equipements | https://laligue47.org/la-ligue-47 | https://laligue47.org/contacts | https://laligue47.org/ | https://laligue47.org/lig-en-bref | https://laligue47.org/partenaires | https://laligue47.org/actualites | https://laligue47.org/nos-sites-web | https://laligue47.org/associations-affiliees | https://laligue47.org/notre-reseau | https://laligue47.org/actualites/263-media-citoyen-en-villeneuvois-est-ne | https://laligue47.org/vie-associative/affiliation | https://laligue47.org/vie-associative/adhesion-individuelle | https://laligue47.org/vie-associative/assurances | https://laligue47.org/vie-associative/crva | https://laligue47.org/vie-associative/accompagnement-a-la-parentalite | https://laligue47.org/culture/cap-aux-bords | https://laligue47.org/culture/lire-et-faire-lire | https://laligue47.org/culture/notre-reseau-departemental | https://laligue47.org/culture/education-a-l-image | https://laligue47.org/vacances/enfants-juniors | https://laligue47.org/vacances/vacances-adaptees | https://laligue47.org/vacances/sejours-linguistiques | https://laligue47.org/vacances/vacances-artistiques | https://laligue47.org/vacances/adultes-familles | https://laligue47.org/education/reussite-scolaire/coordination-clas-sur-la-caa | https://laligue47.org/education/reussite-scolaire/accompagnement-a-la-scolarite | https://laligue47.org/education/reussite-scolaire/parentalite | https://laligue47.org/education/lutte-contre-les-disciminations/100-collectif | https://laligue47.org/education/reussite-scolaire/programme-de-reussite-educative | https://laligue47.org/vacances/groupes | https://laligue47.org/education/developpement-durable/agendas-21-scolaires | https://laligue47.org/education/lutte-contre-les-disciminations/outils | https://laligue47.org/education/developpement-durable/outils-pedagogiques | https://laligue47.org/education/ecole-hors-les-murs/voyages-scolaires | https://laligue47.org/education/ecole-hors-les-murs/classes-de-decouvertes | https://laligue47.org/education/education-a-l-image/ecoles-et-cinema | https://associations.laligue47.org/images/docs/Livret_de_pr%C3%A9sentation_Ligue_de_lenseignement_2024-2025.pdf,...Cedex Tél : 05 53 77 05 30 - Fax : 05 53 77 05 37 contact@laligue47.orgMentions Légale,2026-10-02T08:24:26.629Z
laligue47.org,Ligue de l’enseignement – Fédération des Œuvres Laïques de Lot-et-Garonne,"Nonprofit Education, Popular Education, Training, Culture, Sport and Youth Services",vieassociative@laligue47.org,,,,Association-affiliation contact,Vie associative / Membership,No,Generic,85,,{f}{last},Yes,No,1,https://associations.laligue47.org/images/docs/Livret_de_pr%C3%A9sentation_Ligue_de_lenseignement_2024-2025.pdf,Pour les nouvelles Affiliations ou les nouveaux adhérents Contactez-nous : vieassociative@laligue47.org,2026-10-02T08:24:26.629Z
sudmanagement.fr,Sud Management,Professional Training and Coaching; Higher Education; Vocational Education; HR Consulting,referent-rgpd@sudmanagement.fr,Referent,Rgpd,Referent Rgpd,commercial,,No,Personal,90,,{firstInitial}.{lastName},Yes,No,23,https://www.sudmanagement.fr/contact/ | https://www.sudmanagement.fr/mentions-legales/ | https://www.sudmanagement.fr/sud-formations-pro/management/ | https://www.sudmanagement.fr/sud-formations-pro/sanitaire-social-medico-social/management-sante-medico-social/ | https://www.sudmanagement.fr/formations/manager-niveau-3-renforcer-son-leadership/ | https://www.sudmanagement.fr/formations/manager-niveau-1-animer-une-equipe-de-travail/ | https://www.sudmanagement.fr/formations/manager-niveau-2-approfondir-les-techniques-de-management-saffirmer-dans-son-role-de-manager/ | https://www.sudmanagement.fr/formations/manager-niveau-4-cultiver-la-performance-de-ses-equipes-motivation-et-cohesion/ | https://www.sudmanagement.fr/formations/parcours-100-distanciel-animer-une-equipe-de-travail/ | https://www.sudmanagement.fr/formations/comprendre-les-bases-du-management-agile/ | https://www.sudmanagement.fr/formations/cce-animer-une-equipe-de-travail-niv-2/ | https://www.sudmanagement.fr/formations/cce-animer-une-equipe-de-travail-niv-1/ | https://www.sudmanagement.fr/formations/cce-animer-une-equipe-de-travail-distanciel/ | https://www.sudmanagement.fr/formations/mieux-communiquer-avec-son-equipe/ | https://www.sudmanagement.fr/formations/recrutement-et-integration-de-nouveaux-salaries/ | https://www.sudmanagement.fr/formations/management-en-situation-post-crise-sanitaire/ | https://www.sudmanagement.fr/formations/manager-les-equipes-a-distance/ | https://www.sudmanagement.fr/formations/les-outils-de-management-collaboratif/ | https://www.sudmanagement.fr/formations/dma046-management-de-projet-et-conduite-du-changement/ | https://www.sudmanagement.fr/formations/parcours-100-distanciel-les-fondamentaux-du-management/ | https://www.sudmanagement.fr/formations/dma058-management-bienveillant/ | https://www.sudmanagement.fr/formations/dma059-management-generationnel/ | https://www.sudmanagement.fr/formations/maitriser-les-entretiens-individuels-du-management-m3/,...concernant et les faire rectifier en contactant : referent-rgpd@sudmanagement.fr Envoyer,2026-10-02T08:25:31.625Z
sudmanagement.fr,Sud Management,Professional Training and Coaching; Higher Education; Vocational Education; HR Consulting,s.management@sudmanagement.fr,Sud,Management,Sud Management,Direction Responsable Administrative et Financièr,,No,Personal,40,,{firstInitial}.{lastName},Yes,No,1,https://www.sudmanagement.fr/le-groupe-sud-management/,Generated from pattern {f}.{last} for Sud Management: verses » sont mutualisés avec Sud Management : Direction Responsable Administrative et Financière Comptables R,2026-10-02T08:25:31.625Z
sudmanagement.fr,Sud Management,Professional Training and Coaching; Higher Education; Vocational Education; HR Consulting,contactbs@sudmanagement.fr,,,,Business School contact,Business School / Admissions,No,Personal,80,https://www.linkedin.com/school/groupesudmanagement/,{firstInitial}.{lastName},Yes,No,4,https://www.sudmanagement.fr/actu-business-school/comment-s-inscrire-a-sud-management/ | https://www.sudmanagement.fr/actu-business-school/taxe-apprentissage-pourquoi-et-comment-soutenir-sud-management-entreprises/ | https://www.linkedin.com/school/groupesudmanagement/ | https://www.sudmanagement.fr/actu-business-school/rencontres-and-coffee-columbus-agen-23022023/,...t visiter le Campus de l’Agropole d’Agen. Infos : contactbs@sudmanagement.fr // Tél : 05 53 48 41 41 ETAPE 3 : à partir du 1er...,2026-10-02T08:25:31.625Z
sudmanagement.fr,Sud Management,Professional Training and Coaching; Higher Education; Vocational Education; HR Consulting,a.desgrange@sudmanagement.fr,,,,,,No,Personal,65,,{firstInitial}.{lastName},Yes,No,1,https://www.sudmanagement.fr/contact/,a.desgrange@sudmanagement.fr,2026-10-02T08:25:31.625Z
sudmanagement.fr,Sud Management,Professional Training and Coaching; Higher Education; Vocational Education; HR Consulting,c.donascimento@sudmanagement.fr,,,,,,No,Personal,65,,{firstInitial}.{lastName},Yes,No,1,https://www.sudmanagement.fr/contact/,c.donascimento@sudmanagement.fr,2026-10-02T08:25:31.625Z
sudmanagement.fr,Sud Management,Professional Training and Coaching; Higher Education; Vocational Education; HR Consulting,c.rivasseau@sudmanagement.fr,,,,,,No,Personal,65,,{firstInitial}.{lastName},Yes,No,1,https://www.sudmanagement.fr/actu-formation-pro/envie-de-devenir-le-manager-de-demain-avec-notre-parcours-management/,...pour plus d’informations ou pour vous inscrire : c.rivasseau@sudmanagement.fr,2026-10-02T08:25:31.625Z
sudmanagement.fr,Sud Management,Professional Training and Coaching; Higher Education; Vocational Education; HR Consulting,e.fourteau@sudmanagement.fr,,,,,,No,Personal,65,,{firstInitial}.{lastName},Yes,No,1,https://www.sudmanagement.fr/contact/,e.fourteau@sudmanagement.fr,2026-10-02T08:25:31.625Z
sudmanagement.fr,Sud Management,Professional Training and Coaching; Higher Education; Vocational Education; HR Consulting,v.luriau@sudmanagement.fr,,,,,,No,Personal,65,,{firstInitial}.{lastName},Yes,No,1,https://www.sudmanagement.fr/actu-formation-pro/animer-une-equipe-de-travail-devenez-un-manager-efficace/,"...ou obtenir plus d’informations, contactez-nous à v.luriau@sudmanagement.fr",2026-10-02T08:25:31.625Z
sudmanagement.fr,Sud Management,Professional Training and Coaching; Higher Education; Vocational Education; HR Consulting,contact@sudmanagement.fr,,,,General contact,General,No,Generic,80,,{firstInitial}.{lastName},Yes,No,2,https://www.sudmanagement.fr/contact/ | https://www.sudmanagement.fr/mentions-legales/,contact@sudmanagement.fr,2026-10-02T08:25:31.625Z
sudmanagement.fr,Sud Management,Professional Training and Coaching; Higher Education; Vocational Education; HR Consulting,consultingrh@sudmanagement.fr,,,,Consulting RH contact,HR Consulting,No,Generic,80,,{firstInitial}.{lastName},Yes,No,2,https://www.sudmanagement.fr/smstorage/Catalogue-SMS-2026.pdf | https://www.sudmanagement.fr/smstorage/Catalogue-FPC-2025-Interactif.pdf,CONTACT : 05 53 77 36 30 / consultingrh@sudmanagement.fr,2026-10-02T08:25:31.625Z
sudmanagement.fr,Sud Management,Professional Training and Coaching; Higher Education; Vocational Education; HR Consulting,sudmanagementsante@sudmanagement.fr,,,,"Health, social and medico-social training contact",Sanitary / Social / Medico-social,No,Generic,70,,{firstInitial}.{lastName},Yes,No,1,https://www.sudmanagement.fr/smstorage/Catalogue-SMS-2024-Telechargeable.pdf,sudmanagementsante@sudmanagement.fr / 05 53 77 36 36,2026-10-02T08:25:31.625Z
sudmanagement.fr,Sud Management,Professional Training and Coaching; Higher Education; Vocational Education; HR Consulting,sudfpca@sudmanagement.fr,,,,Professional training contact,Continuing Professional Training,No,Generic,70,https://fr.linkedin.com/in/claire-sauli%C3%A8res-a1986018b,{firstInitial}.{lastName},Yes,No,1,https://fr.linkedin.com/in/claire-sauli%C3%A8res-a1986018b,Agen – Site de l’Agropole ... sudfpca@sudmanagement.fr,2026-10-02T08:25:31.625Z
sudmanagement.fr,Sud Management,Professional Training and Coaching; Higher Education; Vocational Education; HR Consulting,recruitment.formateur-sms@sudmanagement.fr,,,,Trainer recruitment contact,Recruitment / Trainers,No,Generic,70,,{firstInitial}.{lastName},Yes,No,1,https://www.sudmanagement.fr/smstorage/Catalogue-SMS-2026.pdf,Contactez-nous : recrutement.formateur-sms@sudmanagement.fr,2026-10-02T08:25:31.625Z
sudmanagement.fr,Sud Management,Professional Training and Coaching; Higher Education; Vocational Education; HR Consulting,contactofe@sudmanagement.fr,,,,OFE / training contact,Alternance / OFE,No,Generic,70,https://fr.linkedin.com/in/vanessa-charton-ab519b31a,{firstInitial}.{lastName},Yes,No,1,https://fr.linkedin.com/in/vanessa-charton-ab519b31a,Contactez-nous pour en savoir plus ou pour vous inscrire : contactofe@sudmanagement.fr / 05 53 40 10 39,2026-10-02T08:25:31.625Z
nuevo.fr,NUEVO CONSEIL ET FORMATION / Groupe Nuevo,"Professional Training, Continuing Education, Apprenticeship, HR Consulting and Employment Integration",s.cormontagne@nuevo.fr,,Cormontagne,S. Cormontagne,CléA contact; exact title not stated,Certification / Training,No,Personal,80,,Not established; do not infer individual addresses from the available public samples,Yes,No,1,https://www.certificat-clea.fr/media/2023/02/Annuaire_CLEA_2023.pdf,Organisme : NUEVO CF ... Email : s.cormontagne@nuevo.fr,2026-10-02T08:25:56.483Z
nuevo.fr,NUEVO CONSEIL ET FORMATION / Groupe Nuevo,"Professional Training, Continuing Education, Apprenticeship, HR Consulting and Employment Integration",f.bernolin@nuevo.fr,,Bernolin,F. Bernolin,OFA contact; exact title not stated,Apprenticeship / Training,No,Personal,80,,Not established; do not infer individual addresses from the available public samples,Yes,No,1,https://www.opco2i.fr/wp-content/uploads/2023/04/opco2i-liste-OFA-references-campagne-2024.pdf,f.bernolin@nuevo.fr,2026-10-02T08:25:56.483Z
nuevo.fr,NUEVO CONSEIL ET FORMATION / Groupe Nuevo,"Professional Training, Continuing Education, Apprenticeship, HR Consulting and Employment Integration",referenthandicap@nuevo.fr,,,,Disability-accessibility contact,Accessibility / Compliance,No,Personal,80,,Not established; do not infer individual addresses from the available public samples,Yes,No,14,https://www.nuevo.fr/le-management-transversal/ | https://www.nuevo.fr/technicien-assistance-informatique/ | https://www.nuevo.fr/ameliorer-ses-pratiques-de-management/ | https://www.nuevo.fr/cohesion-equipe/ | https://www.nuevo.fr/formation-commercial/ | https://www.nuevo.fr/technicien-systemes-et-reseaux-specialiste-cybersecurite/ | https://www.nuevo.fr/employe-commercial/ | https://www.nuevo.fr/bpjeps-activites-de-la-forme/ | https://www.nuevo.fr/bpjeps-activites-physiques-pour-tous/ | https://www.nuevo.fr/bpjeps-loisirs-tous-public/ | https://www.nuevo.fr/plongee-subaquatique-indoor/ | https://www.nuevo.fr/empoye-commercial/ | https://www.nuevo.fr/coaching-professionnel/ | https://www.nuevo.fr/bilan-de-competences/,"...la formation, contactez notre référent handicap : referenthandicap@nuevo.fr",2026-10-02T08:25:56.483Z
nuevo.fr,NUEVO CONSEIL ET FORMATION / Groupe Nuevo,"Professional Training, Continuing Education, Apprenticeship, HR Consulting and Employment Integration",contact@nuevo.fr,,,,General contact,General / Partnerships / Procurement,No,Generic,80,,Not established; do not infer individual addresses from the available public samples,Yes,No,3,https://www.francemarches.com/files/BOAMP/25-83574.html | https://www.francemarches.com/files/BOAMP/25-75199.html | https://fr.linkedin.com/posts/jean-philippe-denizot-8296a3151_entreprises-formationprofessionnelle-recrutement-activity-7054883152548229121-JiiU,NUEVO CONSEIL ET FORMATION... Adresse électronique : contact@nuevo.fr,2026-10-02T08:25:56.483Z
nuevo.fr,NUEVO CONSEIL ET FORMATION / Groupe Nuevo,"Professional Training, Continuing Education, Apprenticeship, HR Consulting and Employment Integration",clea@nuevo.fr,,,,CléA program contact,Certification / Training,No,Generic,80,https://fr.linkedin.com/in/murielle-walder-50270aab,Not established; do not infer individual addresses from the available public samples,Yes,No,2,https://fr.linkedin.com/posts/nuevo-conseil-formation_nuevo-cl%C3%A9a-geodis-activity-7226825648520998912-BeTb | https://fr.linkedin.com/in/murielle-walder-50270aab,Envie de booster et certifier les compétences de vos équipes ? ... par mail clea@nuevo.fr.,2026-10-02T08:25:56.483Z
nuevo.fr,NUEVO CONSEIL ET FORMATION / Groupe Nuevo,"Professional Training, Continuing Education, Apprenticeship, HR Consulting and Employment Integration",nuevocfa@nuevo.fr,,,,CFA contact,Apprenticeship / Admissions,No,Generic,80,,Not established; do not infer individual addresses from the available public samples,Yes,No,2,https://fr.linkedin.com/posts/nuevo-conseil-formation_nuevo-alternance-cfa-jpo-activity-7154142183657263104--j58 | https://www.onisep.fr/ressources/structures-enseignement/ile-de-france/seine-saint-denis/nuevo-cfa-montreuil,"Si vous êtes intéressés par notre éventail de formations en alternance, n'hésitez pas à nous contacter par mail sur nuevocfa@nuevo.fr",2026-10-02T08:25:56.483Z
nuevo.fr,NUEVO CONSEIL ET FORMATION / Groupe Nuevo,"Professional Training, Continuing Education, Apprenticeship, HR Consulting and Employment Integration",communication@nuevo.fr,,,,Communications contact,Communications,No,Generic,70,,Not established; do not infer individual addresses from the available public samples,Yes,No,1,https://fr.linkedin.com/posts/nuevo-conseil-formation_bienvenu-%C3%A0-lagence-nuevo-de-saint-denis-activity-7100431578945699840-gUqS,Nous recherchons des partenaires... communication@nuevo.fr,2026-10-02T08:25:56.483Z
acoform.eu,ACOFORM,Professional Training and Coaching; Continuing Adult Education,suivi@acoform.eu,,,,Directeur de la publication est,,Yes,Personal,95,,{first}.{last},Yes,No,3,https://acoform.eu/contact/ | https://acoform.eu/cgu/ | https://acoform.eu/cgv/,...ssage en remplissant le formulaire joint. Email : suivi@acoform.eu Téléphone : 01 45 51 39 67 Mentions légales de fo...,2026-10-02T08:26:27.044Z
acoform.eu,ACOFORM,Professional Training and Coaching; Continuing Adult Education,info.rgpd@acoform.eu,Info,Rgpd,Info Rgpd,DPO,,No,Personal,100,,{first}.{last},Yes,No,12,https://acoform.eu/contact/ | https://acoform.eu/2026/06/02/titre-professionnel-assistant-de-direction-2/ | https://acoform.eu/2026/05/29/titre-professionnel-assistant-de-direction/ | https://acoform.eu/2026/05/29/agilcadres/ | https://acoform.eu/2026/05/29/formation-linguistique/ | https://acoform.eu/2026/05/29/formation-civique/ | https://acoform.eu/2026/05/29/advf-ccp1-et-ccp2/ | https://acoform.eu/2026/05/29/advf-ccp1-et-ccp3/ | https://acoform.eu/cgu/ | https://acoform.eu/cgv/ | https://acoform.eu/category/formation/ | https://acoform.eu/category/accompagnement/,"...ontactant le DPO d’ACOFORM à l’adresse suivante : info.rgpd@acoform.eu. Pour plus d’informations, vous pouvez consulter...",2026-10-02T08:26:27.044Z
acoform.eu,ACOFORM,Professional Training and Coaching; Continuing Adult Education,administration@acoform.eu,Asmaa,HADIR,Asmaa HADIR,,,No,Personal,100,,{first}.{last},Yes,No,4,https://acoform.eu/mentions-legales/ | https://acoform.eu/2026/05/29/formation-linguistique/ | https://acoform.eu/cgu/ | https://acoform.eu/cgv/,...95354805Téléphone : 01 45 51 39 67Adresse email : administration@acoform.euDirecteur de la publication : Ouramdane ABDAT,2026-10-02T08:26:27.044Z
acoform.eu,ACOFORM,Professional Training and Coaching; Continuing Adult Education,naima.nehas@acoform.eu,Naima,Nehas,Naima Nehas,,,No,Personal,100,,{first}.{last},Yes,No,3,https://acoform.eu/2026/06/02/titre-professionnel-assistant-de-direction-2/ | https://vosolidarites.valdoise.fr/cms_viewFile.php?idtf=15251&path=Fiche-technique-ACOFORM-2018.pdf | https://vosolidarites.valdoise.fr/annuaires/1644-accueil.htm?Find=1&ID_ANNUAIRECATEGORIE%5B0%5D=110,...oordinatrice pédagogiqueTéléphone : 01 39 83 62 07naima.nehas@acoform.eu,2026-10-02T08:26:27.044Z
acoform.eu,ACOFORM,Professional Training and Coaching; Continuing Adult Education,advf_opco@acoform.eu,Advf,Opco,Advf Opco,,,No,Personal,100,,{first}.{last},Yes,No,2,https://acoform.eu/2026/05/29/advf-ccp1-et-ccp2/ | https://acoform.eu/2026/05/29/advf-ccp1-et-ccp3/,Laetitia VIGREUXadvf_opco@acoform.eu01.45.51.39.67,2026-10-02T08:26:27.044Z
acoform.eu,ACOFORM,Professional Training and Coaching; Continuing Adult Education,coordinationacf.prfe@acoform.eu,Coordinationacf,Prfe,Coordinationacf Prfe,,,No,Personal,90,,{first}.{last},Yes,No,1,https://acoform.eu/2026/05/29/titre-professionnel-assistant-de-direction/,Laetitia VIGREUXcoordinationacf.prfe@acoform.eu01.45.51.39.67,2026-10-02T08:26:27.044Z
acoform.eu,ACOFORM,Professional Training and Coaching; Continuing Adult Education,referenthandicap@acoform.eu,,,,,,No,Personal,80,,{first}.{last},Yes,No,1,https://acoform.eu/accessibilite/,...’accessibilité ou à la compensation du handicap : referenthandicap@acoform.euNous tenons à votre disposition une liste des orga...,2026-10-02T08:26:27.044Z
asfodep.fr,,,eric.sansa@asfodep.fr,Eric,Sansa,Eric Sansa,,,No,Personal,90,,{first}.{last},Yes,No,1,https://asfodep.fr/devenez-responsable-de-rayon/,eric.sansa@asfodep.fr,2026-10-02T08:27:11.898Z
asfodep.fr,,,ophelie.melon@asfodep.fr,Ophelie,Melon,Ophelie Melon,,,No,Personal,90,,{first}.{last},Yes,No,1,https://asfodep.fr/objectif-nationalite-francaise/,ophelie.melon@asfodep.fr,2026-10-02T08:27:11.898Z
asfodep.fr,,,sylvain.menard@asfodep.fr,Sylvain,Menard,Sylvain Menard,,,No,Personal,90,,{first}.{last},Yes,No,1,https://asfodep.fr/preparez-le-cap-equipier-polyvalent-du-commerce/,sylvain.menard@asfodep.fr,2026-10-02T08:27:11.898Z
asfodep.fr,,,thoraval@asfodep.fr,,,,,,No,Personal,80,,{first}.{last},Yes,No,1,https://asfodep.fr/osez-le-numerique/,anne.marie@thoraval@asfodep.fr,2026-10-02T08:27:11.898Z
asfodep.fr,,,contact@asfodep.fr,,,,,,No,Generic,90,,{first}.{last},Yes,No,46,https://asfodep.fr/ | https://asfodep.fr/lasfodep-est-dans-la-presse-2/ | https://asfodep.fr/lasfodep-est-dans-la-presse/ | https://asfodep.fr/qui-sommes-nous/ | https://asfodep.fr/notre-equipe/ | https://asfodep.fr/nous-contacter/ | https://asfodep.fr/mentions-legales/ | https://asfodep.fr/devenez-responsable-de-rayon/ | https://asfodep.fr/preparez-le-cap-equipier-polyvalent-du-commerce/ | https://asfodep.fr/osez-le-numerique/ | https://asfodep.fr/que-pensent-les-stagiaires-de-leur-formation-a-lasfodep/ | https://asfodep.fr/objectif-nationalite-francaise/ | https://asfodep.fr/les-sorties-asfodep-droits-et-devoirs-des-salaries-en-france/ | https://asfodep.fr/que-pensent-les-stagiaires-de-leur-formation-a-lasfodep-2/ | https://asfodep.fr/les-sorties-asfodep-atelier-cuisine/ | https://asfodep.fr/que-pensent-les-stagiaires-de-leur-formation-a-lasfodep-3/ | https://asfodep.fr/se-former-pour-lire-ecrire-agir/ | https://asfodep.fr/les-sorties-asfodep-ecole-vie-culturelle-et-centres-socio-culturels/ | https://asfodep.fr/les-sorties-asfodep-evolution-familiale/ | https://asfodep.fr/les-sorties-asfodep-le-cabas-solidaire/ | https://asfodep.fr/les-sorties-asfodep-reduire-ses-factures-energetiques/ | https://asfodep.fr/les-sorties-asfodep-le-monde-funeraire/ | https://asfodep.fr/que-pensent-les-stagiaires-de-leur-formation-a-lasfodep-4/ | https://asfodep.fr/que-pensent-les-stagiaires-de-leur-formation-a-lasfodep-5/ | https://asfodep.fr/lasfodep-est-certifiee-qualiopi-depuis-le-14-avril-2021/ | https://asfodep.fr/les-sorties-asfodep-lequilibre-budgetaire/ | https://asfodep.fr/les-sorties-asfodep-grossesse-et-contraception/ | https://asfodep.fr/les-sorties-asfodep-la-sante-en-france/ | https://asfodep.fr/les-sorties-asfodep-le-monde-bancaire/ | https://asfodep.fr/que-pensent-les-stagiaires-de-leur-formation-a-lasfodep-6/ | https://asfodep.fr/les-sorties-asfodep-le-centre-horticole/ | https://asfodep.fr/que-pensent-les-stagiaires-de-leur-formation-a-lasfodep-7/ | https://asfodep.fr/rencontre-avec-le-comite-de-bassin-demploi-du-niortais/ | https://asfodep.fr/rencontre-avec-le-depute-guillaume-chiche/ | https://asfodep.fr/les-sorties-asfodep-la-mairie-de-la-mothe-saint-heray/ | https://asfodep.fr/les-sorties-asfodep-la-poste-de-champdeniers-saint-denis/ | https://asfodep.fr/que-pensent-les-stagiaires-de-leur-formation-a-lasfodep-8/ | https://asfodep.fr/les-sorties-asfodep-la-bibliotheque-de-la-mothe-saint-heray/ | https://asfodep.fr/13/ | https://asfodep.fr/2/ | https://asfodep.fr/nos-references/ | https://asfodep.fr/nos-formations/ | https://asfodep.fr/page/13/ | https://asfodep.fr/nos-valeurs/ | https://asfodep.fr/nos-locaux/ | https://asfodep.fr/apprendre-un-metier/,contact@asfodep.fr,2026-10-02T08:27:11.898Z
liguenouvelleaquitaine.org,Ligue de l’enseignement Nouvelle-Aquitaine,"Nonprofit civic and social organization; education, professional training, culture, sport, youth and social action",rsilva@liguenouvelleaquitaine.org,,,,Responsable du d,,Yes,Personal,70,,mixed; confirmed formats include {firstInitial}{lastName} and {firstName}; insufficient evidence for a single organization-wide pattern,Yes,No,1,https://liguenouvelleaquitaine.org/2023/09/25/robocupjunior-un-livret-daccompagnement-a-destination-des-structures-est-disponible/,...u développement et de la veille constitutionnelle rsilva@liguenouvelleaquitaine.org Merci au Conseil Régional Nouvelle-Aquitaine qui...,2026-10-02T08:28:24.598Z
liguenouvelleaquitaine.org,Ligue de l’enseignement Nouvelle-Aquitaine,"Nonprofit civic and social organization; education, professional training, culture, sport, youth and social action",sgourvil@liguenouvelleaquitaine.org,,,,Responsable du d,,Yes,Personal,70,,mixed; confirmed formats include {firstInitial}{lastName} and {firstName}; insufficient evidence for a single organization-wide pattern,Yes,No,1,https://liguenouvelleaquitaine.org/2023/09/25/robocupjunior-un-livret-daccompagnement-a-destination-des-structures-est-disponible/,"...Chargée de projets Education, Jeunesse, Numérique sgourvil@liguenouvelleaquitaine.org Louis Chety – Apprenti médiateur numérique Louis....",2026-10-02T08:28:24.598Z
liguenouvelleaquitaine.org,Ligue de l’enseignement Nouvelle-Aquitaine,"Nonprofit civic and social organization; education, professional training, culture, sport, youth and social action",dpo@liguenouvelleaquitaine.org,,,,responsable du traitement des donn,,Yes,Generic,80,,mixed; confirmed formats include {firstInitial}{lastName} and {firstName}; insufficient evidence for a single organization-wide pattern,Yes,No,2,https://liguenouvelleaquitaine.org/contact/ | https://liguenouvelleaquitaine.org/politique-de-confidentialite/,"...à la protection des données (DPO) est joignable à dpo@liguenouvelleaquitaine.org. Les données collectées (nom, prénom, sujet, mess...",2026-10-02T08:28:24.598Z
liguenouvelleaquitaine.org,Ligue de l’enseignement Nouvelle-Aquitaine,"Nonprofit civic and social organization; education, professional training, culture, sport, youth and social action",antacamillediongue@liguenouvelleaquitaine.org,,,,,,No,Personal,65,,mixed; confirmed formats include {firstInitial}{lastName} and {firstName}; insufficient evidence for a single organization-wide pattern,Yes,No,1,https://liguenouvelleaquitaine.org/2022/07/26/echange-franco-allemand-lavenir-de-leurope-selon-les-jeunes-pour-le-vivre-ensemble-et-legalite-entre-tous-du-1-au-5-novembre-2022-a-bruxelles-belgique/,...gue par téléphone au 07 54 35 29 20 ou par mail à antacamillediongue@liguenouvelleaquitaine.org. Avec le soutien de : l’Office Franco-Allemand po...,2026-10-02T08:28:24.598Z
liguenouvelleaquitaine.org,Ligue de l’enseignement Nouvelle-Aquitaine,"Nonprofit civic and social organization; education, professional training, culture, sport, youth and social action",louis.chety@liguenouvelleaquitaine.org,,,,,,No,Personal,65,,mixed; confirmed formats include {firstInitial}{lastName} and {firstName}; insufficient evidence for a single organization-wide pattern,Yes,No,1,https://liguenouvelleaquitaine.org/2023/09/25/robocupjunior-un-livret-daccompagnement-a-destination-des-structures-est-disponible/,"RoboCupJunior : un livret d’accompagnement à destination des structures est disponible - La Ligue Nouvelle-Aquitaine - Former, informer et t...",2026-10-02T08:28:24.598Z
liguenouvelleaquitaine.org,Ligue de l’enseignement Nouvelle-Aquitaine,"Nonprofit civic and social organization; education, professional training, culture, sport, youth and social action",s.general@liguenouvelleaquitaine.org,,,,General administrative contact,Service général / administration,No,Generic,70,,mixed; confirmed formats include {firstInitial}{lastName} and {firstName}; insufficient evidence for a single organization-wide pattern,Yes,No,1,https://liguenouvelleaquitaine.org/wp-content/uploads/2025/06/Rapport-activite-2024-30-06-25.pdf,"Adresse administrative: 33 rue Saint Denis, 86000 POITIERS ... s.general@liguenouvelleaquitaine.org",2026-10-02T08:28:24.598Z
liguenouvelleaquitaine.org,Ligue de l’enseignement Nouvelle-Aquitaine,"Nonprofit civic and social organization; education, professional training, culture, sport, youth and social action",cheminsdetraverse@liguenouvelleaquitaine.org,,,,Administrative contact,Chemin de Traverse / holidays and cultural stays,No,Generic,70,,mixed; confirmed formats include {firstInitial}{lastName} and {firstName}; insufficient evidence for a single organization-wide pattern,Yes,No,1,https://liguenouvelleaquitaine.org/chemin-de-traverse/,Assistanat de CDT: Vanessa BACONNET ... cheminsdetraverse@liguenouvelleaquitaine.org,2026-10-02T08:28:24.598Z
indigoformation.fr,,,contactpoitiers@indigoformation.fr,,,,,,No,Personal,75,,,Yes,No,34,https://www.indigoformation.fr/ | https://www.indigoformation.fr/a-propos/ | https://www.indigoformation.fr/mentions-legales/ | https://www.indigoformation.fr/contact/ | https://www.indigoformation.fr/formation/tp-conseiller-insertion-professionnelle-cip/ | https://www.indigoformation.fr/formation/conseiller-en-insertion-professionnelle-a-distance/ | https://www.indigoformation.fr/formation/titre-professionnel-advf/ | https://www.indigoformation.fr/formation/tp-formateur-professionnel-adultes-fpa/ | https://www.indigoformation.fr/formation/tp-agent-de-proprete-hygiene-aph/ | https://www.indigoformation.fr/formation/tp-manager-unite-marchande-mum/ | https://www.indigoformation.fr/formation/sauveteur-secouriste-du-travail-sst/ | https://www.indigoformation.fr/formation/tp-employe-etage-hotellerie-eehh/ | https://www.indigoformation.fr/formation/entretien-du-cadre-de-vie/ | https://www.indigoformation.fr/formation/mac-sst/ | https://www.indigoformation.fr/formation/entretien-du-linge/ | https://www.indigoformation.fr/formation/entretien-des-vitres-a-faible-hauteur/ | https://www.indigoformation.fr/formation/confidentialite/ | https://www.indigoformation.fr/formation/gestes-et-postures-pour-le-personnel-dentretien/ | https://www.indigoformation.fr/formation/realiser-les-prestations-de-nettoyage-manuel-en-milieu-tertiaire/ | https://www.indigoformation.fr/formation/realiser-les-prestations-de-nettoyage-mecanise/ | https://www.indigoformation.fr/formation/referent-parcours-plie/ | https://www.indigoformation.fr/formation/amorce-de-parcours/ | https://www.indigoformation.fr/formation/certification-linguistique-tcf/ | https://www.indigoformation.fr/formation/examen-civique-poitiers/ | https://www.indigoformation.fr/catalogue-de-formations/ | https://www.indigoformation.fr/foire-aux-questions/ | https://www.indigoformation.fr/produit/tcf-integration-residence-nationalite-irn-18-11-2026-examen-seul-3h30-formation/ | https://www.indigoformation.fr/accessibilite-handicap/ | https://www.indigoformation.fr/produit/tcf-integration-residence-nationalite-irn-16-12-2026-examen-seul-3h30-formation/ | https://www.indigoformation.fr/politique-de-confidentialite/ | https://www.indigoformation.fr/produit/examen-civique-mardi-13-octobre-10h/ | https://www.indigoformation.fr/produit/examen-civique-mardi-20-octobre-10h/ | https://www.indigoformation.fr/produit/examen-civique-mardi-27-octobre-10h/ | https://www.indigoformation.fr/categorie-de-formation/accompagnement-socioprofessionnel/,contactpoitiers@indigoformation.fr,2026-10-02T08:29:24.503Z
asfel.fr,ASFEL — Association Service Formation Emploi Limousin,"Nonprofit social services, vocational training, employment insertion and workforce development",first.last@asfel.fr,Angélique,Parot,Angélique Parot,Director,Executive / Disability access,Yes,Personal,90,,first.last,Yes,No,2,https://inae-nouvelleaquitaine.org/structures/asfel-87/ | https://www.asfel.fr/accueil/contact/,Directeur(trice) : Angélique PAROT,2026-10-02T08:30:15.739Z
asfel.fr,ASFEL — Association Service Formation Emploi Limousin,"Nonprofit social services, vocational training, employment insertion and workforce development",angelique.parot@asfel.fr,Angelique,Parot,Angelique Parot,,,No,Personal,85,,first.last,Yes,No,2,https://www.asfel.fr/accueil/contact/ | https://www.asfel.fr/emploi/emploi-et-handicap/,...e situation de handicap pendant votre formation ? angelique.parot@asfel.fr Formations et PrestationsVous souhaitez développe...,2026-10-02T08:30:15.739Z
asfel.fr,ASFEL — Association Service Formation Emploi Limousin,"Nonprofit social services, vocational training, employment insertion and workforce development",elisabeth.malivert@asfel.fr,Elisabeth,Malivert,Elisabeth Malivert,,,No,Personal,75,,first.last,Yes,No,1,https://www.asfel.fr/accueil/contact/,...itez un accompagnement pédagogique personnalisé ? elisabeth.malivert@asfel.fr Suivez-nous Facebook Instagram Linkedin Veuillez...,2026-10-02T08:30:15.739Z
asfel.fr,ASFEL — Association Service Formation Emploi Limousin,"Nonprofit social services, vocational training, employment insertion and workforce development",jennifer.domain@asfel.fr,Jennifer,Domain,Jennifer Domain,,,No,Personal,75,,first.last,Yes,No,1,https://www.asfel.fr/accompagnement/nos-adresses/saint-junien/,...personnes en situation de handicap 06 73 16 41 85 jennifer.domain@asfel.fr Facebook Instagram Insertion par l'activité écono...,2026-10-02T08:30:15.739Z
asfel.fr,ASFEL — Association Service Formation Emploi Limousin,"Nonprofit social services, vocational training, employment insertion and workforce development",nathalie.briam@asfel.fr,Nathalie,Briam,Nathalie Briam,,,No,Personal,75,,first.last,Yes,No,1,https://www.asfel.fr/accueil/contact/,...besoin de formation ou de prestation spécifique ? nathalie.briam@asfel.fr PÉDAGOGIEVous suivez une prestation France Travai...,2026-10-02T08:30:15.739Z
asfel.fr,ASFEL — Association Service Formation Emploi Limousin,"Nonprofit social services, vocational training, employment insertion and workforce development",ressourcerie.bourganeuf@asfel.fr,Ressourcerie,Bourganeuf,Ressourcerie Bourganeuf,,,No,Personal,75,,first.last,Yes,No,1,https://www.asfel.fr/accompagnement/nos-adresses/bourganeuf/,...personnes en situation de handicap 05 55 64 14 40 ressourcerie.bourganeuf@asfel.fr Facebook Instagram Formations adaptées Accompagne...,2026-10-02T08:30:15.739Z
asfel.fr,ASFEL — Association Service Formation Emploi Limousin,"Nonprofit social services, vocational training, employment insertion and workforce development",contact@asfel.fr,,,,,,No,Generic,75,,first.last,Yes,No,34,https://www.asfel.fr/ | https://www.asfel.fr/accueil/contact/ | https://www.asfel.fr/accompagnement/qui-sommes-nous/ | https://www.asfel.fr/accompagnement/nos-equipes/ | https://www.asfel.fr/emploi/emploi-et-handicap/ | https://www.asfel.fr/emploi/nos-offres/ddm/ | https://www.asfel.fr/accompagnement/ | https://www.asfel.fr/dispositifs/ | https://www.asfel.fr/emploi/nos-offres/demain-en-mains/ | https://www.asfel.fr/emploi/nos-offres/limoges-habitat/ | https://www.asfel.fr/emploi/nos-offres/mep/ | https://www.asfel.fr/emploi/nos-offres/multi-services/ | https://www.asfel.fr/dispositifs/insertion-emploi/vsi/ | https://www.asfel.fr/dispositifs/competences-de-base-et-francais-langue-etrangere/hsp-fle/ | https://www.asfel.fr/dispositifs/insertion-emploi/cej-1/ | https://www.asfel.fr/dispositifs/insertion-emploi/asp/ | https://www.asfel.fr/dispositifs/competences-de-base-et-francais-langue-etrangere/hsp-ecla/ | https://www.asfel.fr/accueil/nos-partenaires/certification-qualiopi/ | https://www.asfel.fr/dispositifs/insertion-emploi/agir/ | https://www.asfel.fr/dispositifs/accompagnements-specifiques/as-hp/ | https://www.asfel.fr/dispositifs/accompagnements-specifiques/as-tdn/ | https://www.asfel.fr/dispositifs/insertion-emploi/ | https://www.asfel.fr/dispositifs/competences-de-base-et-francais-langue-etrangere/ | https://www.asfel.fr/accueil/nos-partenaires/partenaires-insertion-accompagnement/ | https://www.asfel.fr/emploi/nos-offres/ | https://www.asfel.fr/emploi/ | https://www.asfel.fr/accueil/nos-partenaires/ | https://www.asfel.fr/accueil/nos-partenaires/partenaires-institutionnels/ | https://www.asfel.fr/dispositifs/accompagnements-specifiques/ | https://www.asfel.fr/accompagnement/nos-adresses/limoges/ | https://www.asfel.fr/accompagnement/nos-adresses/ | https://www.asfel.fr/accompagnement/nos-adresses/val-de-laurence/ | https://www.asfel.fr/accompagnement/nos-adresses/saint-junien/ | https://www.asfel.fr/accompagnement/nos-adresses/bourganeuf/,"...9 Avenue de la Révolution, 87000 LIMOGES0519290050contact@asfel.fr",2026-10-02T08:30:15.739Z
osengo.fr,,,f.zaldivar@osengo.fr,,,,responsable du traitement des donn,,Yes,Personal,70,,{f}.{last},Yes,No,1,https://osengo.fr/politique-de-confidentialite/,...– Par téléphone : au 04 73 34 35 21– Par e-mail : f.zaldivar@osengo.fr ARTICLE 5 : LES DROITS DE L’UTILISATEUR EN MATIÈR...,Thu Oct 01 2026 09:10:06 GMT+0000 (Coordinated Universal Time)
osengo.fr,,,osengo.consulting@osengo.fr,Osengo,Consulting,Osengo Consulting,,,No,Personal,85,,{f}.{last},Yes,No,2,https://consulting.osengo.fr/ | https://consulting.osengo.fr/contact/,osengo.consulting@osengo.fr,Thu Oct 01 2026 09:10:06 GMT+0000 (Coordinated Universal Time)
osengo.fr,,,direction@osengo.fr,,,,,,No,Generic,75,,{f}.{last},Yes,No,37,https://osengo.fr/ | https://osengo.fr/contactez-nous/ | https://osengo.fr/mentions-legales/ | https://osengo.fr/recrutement/ | https://osengo.fr/boostez-vos-equipes/ | https://osengo.fr/formation-alternance/ | https://osengo.fr/osengo/ | https://osengo.fr/postuler-altenance/ | https://osengo.fr/alternance-by-osengo/ | https://osengo.fr/formation-continu/ | https://osengo.fr/financer-sa-formation-by-osengo/ | https://osengo.fr/offres-alternance/ | https://osengo.fr/solutions-rh/ | https://osengo.fr/alternance/ | https://osengo.fr/accompagnement-entreprise/ | https://osengo.fr/de-quoi-jai-besoin/ | https://osengo.fr/on-recrute/ | https://osengo.fr/actu-event/ | https://osengo.fr/on-recrute-des-formateurs/ | https://osengo.fr/cand-spont/ | https://osengo.fr/pages-formation/formateur-professionnel-dadultes/ | https://osengo.fr/pages-formation/titre-employe-de-vente-polyvalent-en-magasin/ | https://osengo.fr/pages-formation/tp-conseiller-funeraire/ | https://osengo.fr/pages-formation/tp-agent-de-service-medico-social/ | https://osengo.fr/pages-formation/tp-responsable-coordonnateur-services-au-domicile/ | https://osengo.fr/pages-formation/tp-formateur-professionnel-dadultes/ | https://osengo.fr/taux-par-actions/ | https://osengo.fr/page-globale-formation/ | https://osengo.fr/la-demarche/ | https://osengo.fr/politique-de-confidentialite/ | https://osengo.fr/pages-formation/bp-jeps/ | https://osengo.fr/pages-formation/tp-negociateur-techno-commercial/ | https://osengo.fr/pages-formation/tp-intervenant-educatif-petite-enfance/ | https://osengo.fr/pages-formation/tp-responsable-coordonnateur-services-au-domicile-2/ | https://osengo.fr/pages-formation/tp-assistant-ressources-humaines-2/ | https://osengo.fr/continu/ | https://osengo.fr/faq/,direction@osengo.fr,Thu Oct 01 2026 09:10:06 GMT+0000 (Coordinated Universal Time)
osengo.fr,,,hello@osengo.fr,,,,,,No,Generic,65,,{f}.{last},Yes,No,1,https://osengo.fr/mentions-legales/,...cation&nbsp;: Service communication Osengo –&nbsp;hello@osengo.fr Le·la responsable publication est une personne ph...,Thu Oct 01 2026 09:10:06 GMT+0000 (Coordinated Universal Time)
groupe-fel.fr,,,,,,,,,,,,,,Yes,No,0,,No public emails found in crawled perimeter,2026-10-02T08:30:39.820Z
acmformation.com,,,f.dipiazza@acmformation.com,Fred,Di Piazza,Fred Di Piazza,Président,,Yes,Personal,40,,{f}.{last},Yes,No,1,https://www.acmformation.com/author/webmanagerwp/,.the7-spinner { width: 72px; height: 72px; position: relative; } .the7-spinner > div { border-radius: 50%; width: 9px; left: 0; box-sizing: ,2026-10-02T08:31:44.199Z
frateformation.net,FRATE FORMATION CONSEIL,Adult education; professional training; professional development and coaching,contact@frateformation.net,,,,Responsable de traitement,,Yes,Generic,80,,Generally {first}.{last}; observed exception: mar.marchal@frateformation.net,Yes,No,3,https://frateformation.net/mentions-legales/ | https://frateformation.net/contact/ | https://www.inrs.fr/dam/jcr%3A03b4092a-e4f9-4fd4-b515-6cec89809363/organisme-habilte-sst.pdf,...03.81.82.21.75 Adresse de courrier électronique : contact@frateformation.net Forme juridique : ASSOCIATION LOI 1901 Activité I...,2026-10-02T08:32:02.462Z
frateformation.net,FRATE FORMATION CONSEIL,Adult education; professional training; professional development and coaching,novafrate@frateformation.net,,,,Platform support,Digital Learning / LMS Support,No,Personal,70,,Generally {first}.{last}; observed exception: mar.marchal@frateformation.net,Yes,No,1,https://novafrate.frateformation.net/,...cultés ? Vous pouvez contacter le support Frate : novafrate@frateformation.net,2026-10-02T08:32:02.462Z
frateformation.net,FRATE FORMATION CONSEIL,Adult education; professional training; professional development and coaching,rgpd@frateformation.net,,,,commerciale,,No,Generic,80,,Generally {first}.{last}; observed exception: mar.marchal@frateformation.net,Yes,No,3,https://frateformation.net/mentions-legales/ | https://frateformation.net/contact/ | https://frateformation.net/conditions-generales-de-vente/,E-mail : rgpd@frateformation.net,2026-10-02T08:32:02.462Z
frateformation.net,FRATE FORMATION CONSEIL,Adult education; professional training; professional development and coaching,frate@frateformation.net,,,,Training-program contact,Training Admissions,No,Generic,80,,Generally {first}.{last}; observed exception: mar.marchal@frateformation.net,Yes,No,2,https://frateformation.net/wp-content/uploads/2024/01/Fiche-produit-TP-FPA.pdf | https://frateformation.net/wp-content/uploads/2023/07/Fiche-produit-FPA.pdf,CONTACTS PRESCRIPTIONS : 03 63 35 05 16; frate@frateformation.net.,2026-10-02T08:32:02.462Z
frateformation.net,FRATE FORMATION CONSEIL,Adult education; professional training; professional development and coaching,fratebourgogne@frateformation.net,,,,Burgundy regional contact,Regional Center / VAE,No,Generic,80,,Generally {first}.{last}; observed exception: mar.marchal@frateformation.net,Yes,No,2,https://frateformation.net/centres-formation/dijon/ | https://www.emfor-bfc.org/se-professionnaliser/theme-4/accompagnement-des-publics-outils-et-methodes,Dijon - FRATE Formation Conseil... fratebourgogne@frateformation.net.,2026-10-02T08:32:02.462Z
frateformation.net,FRATE FORMATION CONSEIL,Adult education; professional training; professional development and coaching,fratera@frateformation.net,,,,Bourg-en-Bresse center contact,Regional Center,No,Generic,70,,Generally {first}.{last}; observed exception: mar.marchal@frateformation.net,Yes,No,1,https://frateformation.net/centres-formation/bourg-en-bresse/,Centre de Bourg-en-Bresse... fratera@frateformation.net.,2026-10-02T08:32:02.462Z
frateformation.net,FRATE FORMATION CONSEIL,Adult education; professional training; professional development and coaching,frateauvergne@frateformation.net,,,,Clermont-Ferrand center contact,Regional Center,No,Generic,70,,Generally {first}.{last}; observed exception: mar.marchal@frateformation.net,Yes,No,1,https://frateformation.net/centres-formation/clermont-ferrand/,Centre de Clermont-Ferrand... frateauvergne@frateformation.net.,2026-10-02T08:32:02.462Z
frateformation.net,FRATE FORMATION CONSEIL,Adult education; professional training; professional development and coaching,fratechampard@frateformation.net,,,,Reims center contact,Regional Center,No,Generic,70,,Generally {first}.{last}; observed exception: mar.marchal@frateformation.net,Yes,No,1,https://frateformation.net/centres-formation/reims/,Centre de Reims... fratechampard@frateformation.net.,2026-10-02T08:32:02.462Z
frateformation.net,FRATE FORMATION CONSEIL,Adult education; professional training; professional development and coaching,fratealsace@frateformation.net,,,,Strasbourg / Alsace center contact,Regional Center,No,Generic,70,,Generally {first}.{last}; observed exception: mar.marchal@frateformation.net,Yes,No,1,https://frateformation.net/centres-formation/strasbourg/,Centre de Strasbourg... fratealsace@frateformation.net.,2026-10-02T08:32:02.462Z
cefi-formation.fr,,,assdir@cefi-formation.fr,ÉDITEUR,DU SITE,ÉDITEUR DU SITE,Présidente,,Yes,Personal,90,,,Yes,No,3,https://cefi-formation.fr/mentions-legales/ | https://cefi-formation.fr/cgv/ | https://cefi-formation.fr/politique-de-confidentialite/,"...raine 69500 BRONTéléphone : 04.72.37.94.35Email : assdir@cefi-formation.frReprésentante légale : Claire CHOUVET, Présidente...",2026-10-02T08:32:59.723Z
cefi-formation.fr,,,cefi@cefi-formation.fr,,,,Délégué à la protection des données,,No,Personal,80,,,Yes,No,48,https://cefi-formation.fr/ | https://cefi-formation.fr/nous-contacter/ | https://cefi-formation.fr/festival-explore-ta-sante/ | https://cefi-formation.fr/mentions-legales/ | https://cefi-formation.fr/a-propos/ | https://cefi-formation.fr/fermeture-dete-2/ | https://cefi-formation.fr/sinscrire-a-lexamen-civique/ | https://cefi-formation.fr/formateur-professionnel-dadultes/ | https://cefi-formation.fr/cefi-soutient-la-conference-permanente-des-organismes-de-formation-cpof/ | https://cefi-formation.fr/certificat-qualiopi-extension-apprentissage/ | https://cefi-formation.fr/parcours-fpa-formateur-professionnel-dadultes-2026/ | https://cefi-formation.fr/parcours-formateur-professionnel-dadultes/ | https://cefi-formation.fr/certification-qualiopi/ | https://cefi-formation.fr/bonne-annee-2026/ | https://cefi-formation.fr/mondial-des-metiers-2025/ | https://cefi-formation.fr/titre-advf-reunions-dinformation/ | https://cefi-formation.fr/le-cefi-certifie-qualiopi/ | https://cefi-formation.fr/nos-prochaines-formations/ | https://cefi-formation.fr/rencontrons-nous-sur-le-forum-soigne-ton-avenir/ | https://cefi-formation.fr/webinaire-avec-france-travail-et-cefi-recruter-former-et-qualifier-vos-futurs-collaborateurs-sans-cout-pour-votre-entreprise-cest-possible/ | https://cefi-formation.fr/reunions-dinformations-cap-et-de-aes/ | https://cefi-formation.fr/fermeture-dete/ | https://cefi-formation.fr/fle-professionnel/ | https://cefi-formation.fr/preparation-concours-atsem/ | https://cefi-formation.fr/decouvrir-le-metier-daide-a-domicile/ | https://cefi-formation.fr/prochaines-sessions-examens-langue-francaise/ | https://cefi-formation.fr/cap-aepe-reunions-dinformations/ | https://cefi-formation.fr/nos-stagiaires-cefi-givors-et-le-cinema/ | https://cefi-formation.fr/2025-2/ | https://cefi-formation.fr/le-cefi-de-givors-a-lhonneur-sur-france-2/ | https://cefi-formation.fr/cest-parti-pour-le-forum-soigne-ton-avenir/ | https://cefi-formation.fr/projet-didactise-et-citoyen-autour-des-pieces-jaunes/ | https://cefi-formation.fr/ils-nous-ont-fait-confiance-temoignage/ | https://cefi-formation.fr/inscription-en-ligne-aux-examens/ | https://cefi-formation.fr/nos-stagiaires-nous-remercient/ | https://cefi-formation.fr/demarrage-de-deux-parcours-accompagnant-educatif-et-social/ | https://cefi-formation.fr/sanitaire-et-social/ | https://cefi-formation.fr/colloque-synofdes/ | https://cefi-formation.fr/offres_fc/ | https://cefi-formation.fr/formations/ | https://cefi-formation.fr/examens/ | https://cefi-formation.fr/examens-fle/ | https://cefi-formation.fr/cgv/ | https://cefi-formation.fr/category/temoignage/ | https://cefi-formation.fr/nos-formations/ | https://cefi-formation.fr/politique-de-confidentialite/ | https://cefi-formation.fr/examens/delf/ | https://cefi-formation.fr/campus-bron/,...a protection des données de votre établissement : cefi@cefi-formation.fr »Le CEFI est certifié Qualiopi pour les actions d...,2026-10-02T08:32:59.723Z
cefi-formation.fr,,,assistantedeformation@cefi-formation.fr,,,,,,No,Personal,75,,,Yes,No,2,https://cefi-formation.fr/nos-prochaines-formations/ | https://cefi-formation.fr/sanitaire-et-social/,...scription : Mme AVET LE VEUF Sarah 04.72.37.94.31 assistantedeformation@cefi-formation.fr Assistant De Vie aux Familles (ADVF) : Dates ICOP...,2026-10-02T08:32:59.723Z
nouvelle-donne-formation.org,Nouvelle Donne Formation,Technical and Vocational Training / Adult Education / Social and Professional Integration,a.lebrun@nouvelle-donne-formation.org,Annick,Lebrun,Annick Lebrun,President; Director,Executive / Administration,Yes,Personal,100,,{f}.{last},Yes,No,3,https://nouvelle-donne-formation.org/mentions-legales/ | https://www.intercariforef.org/dian/print/03_251295564F/03_2461598S/2461598S/Formation%20linguistique%20du%20contrat%20d%27int%C3%A9gration%20r%C3%A9publicaine%20%E2%80%93%20OFII-A2 | https://parlera.fr/wp/wp-content/uploads/2025/05/Repertoire-OF-salaries_07-26_2025.pdf,Présidente: Annick LEBRUN,Thu Oct 01 2026 12:02:32 GMT+0000 (Coordinated Universal Time)
nouvelle-donne-formation.org,Nouvelle Donne Formation,Technical and Vocational Training / Adult Education / Social and Professional Integration,m.degache@nouvelle-donne-formation.org,Marie,Degache,Marie Degache,Founder; former Director,Executive / Founding Leadership,No,Personal,100,,{f}.{last},Yes,No,4,https://www.formtoit.org/wp-content/uploads/2022/07/Contacts-porteurs-de-projets-mobilite-finances-par-la-Region.pdf | https://nouvelle-donne-formation.org/nouvelle-donne-fete-ses-30-ans/ | https://www.ledauphine.com/ardeche/2014/06/08/des-formations-pour-tous | https://parlera.fr/wp/wp-content/uploads/2017/03/Livret-GALII-janvier-2017.pdf,Contact Marie DEGACHE Directrice ... Mail: m.degache@nouvelle-donne-formation.org,Thu Oct 01 2026 12:02:32 GMT+0000 (Coordinated Universal Time)
nouvelle-donne-formation.org,Nouvelle Donne Formation,Technical and Vocational Training / Adult Education / Social and Professional Integration,r.houlet@nouvelle-donne-formation.org,Ramona,Houlet,Ramona Houlet,Training contact; likely pedagogical or administrative lead,Training / Pedagogy,No,Personal,100,https://fr.linkedin.com/in/ramona-houlet-7b99b1109,{f}.{last},Yes,No,3,https://nouvelle-donne-formation.org/formation-salaries/certification-icdl-module-traitement-de-texte-word-2/ | https://www.intercariforef.org/dian/03_251295812F/03_2462409S/2462409S/Pr%C3%A9paration%2Bau%2Btest%2Bde%2Bconnaissance%2Bdu%2Bfran%C3%A7ais%2Bint%C3%A9gration%2C%2Br%C3%A9sidence%2C%2Bnationalit%C3%A9%2B%28TCF%2BIRN%29 | https://fr.linkedin.com/in/ramona-houlet-7b99b1109,E-mail : r.houlet@ nouvelle-donne-formation.org,Thu Oct 01 2026 12:02:32 GMT+0000 (Coordinated Universal Time)
nouvelle-donne-formation.org,Nouvelle Donne Formation,Technical and Vocational Training / Adult Education / Social and Professional Integration,p.leroux@nouvelle-donne-formation.org,Perrine,Le Roux,Perrine Le Roux,Employee; role not publicly specified,Unknown,No,Personal,95,,{f}.{last},Yes,No,1,https://www.linkedin.com/company/nouvelle-donne-formation,Employees at Nouvelle Donne Formation: Lebrun Annick; Ramona Houlet; Perrine LE ROUX; Séverine ROCACHER,Thu Oct 01 2026 12:02:32 GMT+0000 (Coordinated Universal Time)
nouvelle-donne-formation.org,Nouvelle Donne Formation,Technical and Vocational Training / Adult Education / Social and Professional Integration,s.rocacher@nouvelle-donne-formation.org,Séverine,Rocacher,Séverine Rocacher,Employee; role not publicly specified,Unknown,No,Personal,95,,{f}.{last},Yes,No,1,https://www.linkedin.com/company/nouvelle-donne-formation,Employees at Nouvelle Donne Formation: Lebrun Annick; Ramona Houlet; Perrine LE ROUX; Séverine ROCACHER,Thu Oct 01 2026 12:02:32 GMT+0000 (Coordinated Universal Time)
nouvelle-donne-formation.org,Nouvelle Donne Formation,Technical and Vocational Training / Adult Education / Social and Professional Integration,contact@nouvelle-donne-formation.org,,,Nouvelle Donne Formation,General contact,General / Administration,No,Generic,100,https://www.linkedin.com/company/nouvelle-donne-formation,{f}.{last},Yes,No,4,https://nouvelle-donne-formation.org/ | https://nouvelle-donne-formation.org/mentions-legales/ | https://www.linkedin.com/company/nouvelle-donne-formation | https://mobin-solutions.fr/wp-content/uploads/2025/05/livret-mobin-aura-2025.pdf,Adresse mail: contact@nouvelle-donne-formation.org,Thu Oct 01 2026 12:02:32 GMT+0000 (Coordinated Universal Time)
formation-professionnelle.ufcv.fr,,,formation.professionnelle@ufcv.fr,Formation,Professionnelle,Formation Professionnelle,associé,,Yes,Personal,75,,{first}.{last},No,No,1,https://formation-professionnelle.ufcv.fr/confidentialite,...sant un email à l’adresse électronique suivante : formation.professionnelle@ufcv.fr • en adressant un courrier à l’adresse postale su...,2026-10-02T08:33:22.544Z
formation-professionnelle.ufcv.fr,,,publications@ufcv.fr,,,,,,No,Personal,60,,{first}.{last},No,No,1,https://publications.ufcv.fr/,Librairie : Publications de l&#039;UFCV - Publications UFCV var CUSTOMIZE_TEXTFIELD = 1; var FancyboxI18nClose = 'Fermer'; var FancyboxI18nN...,2026-10-02T08:33:22.544Z
formation-professionnelle.ufcv.fr,,,centre@ufcv.fr,,,,,,No,Personal,60,,{first}.{last},No,No,1,https://formation-professionnelle.ufcv.fr/Portals/0/Fichiers/R%C3%A9gion/Fiche%20accessibilit%C3%A9_Centre_F%C3%A9v26.pdf?ver=s1ct3lT5PQkcOhzNe4m9uA%3D%3D,Discovered on https://formation-professionnelle.ufcv.fr/Portals/0/Fichiers/R%C3%A9gion/Fiche%20accessibilit%C3%A9_Centre_F%C3%A9v26.pdf?ver=s1ct3lT5PQkcOhzNe4m9uA%3D%3D,2026-10-02T08:33:22.544Z
formation-professionnelle.ufcv.fr,,,david.berthe@ufcv.fr,,,,,,No,Personal,60,,{first}.{last},No,No,1,https://formation-professionnelle.ufcv.fr/Portals/0/Fichiers/R%C3%A9gion/Fiche%20accessibilit%C3%A9_Centre_F%C3%A9v26.pdf?ver=s1ct3lT5PQkcOhzNe4m9uA%3D%3D,Discovered on https://formation-professionnelle.ufcv.fr/Portals/0/Fichiers/R%C3%A9gion/Fiche%20accessibilit%C3%A9_Centre_F%C3%A9v26.pdf?ver=s1ct3lT5PQkcOhzNe4m9uA%3D%3D,2026-10-02T08:33:22.544Z
formation-professionnelle.ufcv.fr,,,presse@ufcv.fr,,,,,,No,Generic,60,,{first}.{last},No,No,1,https://www.ufcv.fr/,"Pour nous joindre, obtenir une interview, des images etc. presse [at] ufcv.fr",2026-10-02T08:33:22.544Z
apor-formation.fr,APOR Formation,Vocational Training / Professional Development and Coaching / Employment Integration,a.moigne@apor-formation.fr,Armelle,MOIGNE,Armelle MOIGNE,Responsable Op,,Yes,Personal,80,,{f}.{last} (observed; compound first names use initials such as mc.kalinowski),Yes,No,1,https://apor-formation.fr/apor/qui-sommes-nous.html,"...édagogiques et je coordonne les projets ""Contact: a.moigne@apor-formation.fr / 07 76 92 44 84",2026-10-02T08:34:04.381Z
apor-formation.fr,APOR Formation,Vocational Training / Professional Development and Coaching / Employment Integration,c.trombin@apor-formation.fr,Cathy,TROMBIN,Cathy TROMBIN,Responsable op,,Yes,Personal,80,,{f}.{last} (observed; compound first names use initials such as mc.kalinowski),Yes,No,1,https://apor-formation.fr/apor/qui-sommes-nous.html,"...rescripteurs, partenaires et financeurs ""Contact: c.trombin@apor-formation.fr / 06 78 31 66 97",2026-10-02T08:34:04.381Z
apor-formation.fr,APOR Formation,Vocational Training / Professional Development and Coaching / Employment Integration,g.hanen@apor-formation.fr,Guillaume,HANEN,Guillaume HANEN,Responsable Projets et D,,Yes,Personal,80,,{f}.{last} (observed; compound first names use initials such as mc.kalinowski),Yes,No,1,https://apor-formation.fr/apor/qui-sommes-nous.html,"...de nouvelles opportunités commerciales.""Contact: g.hanen@apor-formation.fr / 06 29 35 09 52",2026-10-02T08:34:04.381Z
apor-formation.fr,APOR Formation,Vocational Training / Professional Development and Coaching / Employment Integration,l.ledain@apor-formation.fr,Laurent,LEDAIN,Laurent LEDAIN,Directeur Général,,Yes,Personal,80,,{f}.{last} (observed; compound first names use initials such as mc.kalinowski),Yes,No,1,https://apor-formation.fr/apor/qui-sommes-nous.html,"...relations avec les partenaires externes ""Contact: l.ledain@apor-formation.fr / 06 89 11 51 92",2026-10-02T08:34:04.381Z
apor-formation.fr,APOR Formation,Vocational Training / Professional Development and Coaching / Employment Integration,m.baudot@apor-formation.fr,Magali,BAUDOT,Magali BAUDOT,Responsable P,,Yes,Personal,80,,{f}.{last} (observed; compound first names use initials such as mc.kalinowski),Yes,No,1,https://apor-formation.fr/apor/qui-sommes-nous.html,"...des compétences au sein de l'organisme. ""Contact: m.baudot@apor-formation.fr / 06 20 05 25 65 * Pour toute question sur l’acce...",2026-10-02T08:34:04.381Z
apor-formation.fr,APOR Formation,Vocational Training / Professional Development and Coaching / Employment Integration,mc.kalinowski@apor-formation.fr,Marine-Charlotte,KALINOWSKI,Marine-Charlotte KALINOWSKI,Responsable Administratif,,Yes,Personal,80,,{f}.{last} (observed; compound first names use initials such as mc.kalinowski),Yes,No,1,https://apor-formation.fr/apor/qui-sommes-nous.html,"...nt et à la performance de la structure "" Contact: mc.kalinowski@apor-formation.fr / 03 85 58 71 72",2026-10-02T08:34:04.381Z
apor-formation.fr,APOR Formation,Vocational Training / Professional Development and Coaching / Employment Integration,handicap@apor-formation.fr,,,,,,No,Personal,65,,{f}.{last} (observed; compound first names use initials such as mc.kalinowski),Yes,No,1,https://apor-formation.fr/apor/nos_implantations,...écessaires au bon déroulement de votre parcours : handicap@apor-formation.frConsultez la fiche d'accessibilité de notre établi...,2026-10-02T08:34:04.381Z
apor-formation.fr,APOR Formation,Vocational Training / Professional Development and Coaching / Employment Integration,contact@apor-formation.fr,,,,dpo,,No,Generic,80,,{f}.{last} (observed; compound first names use initials such as mc.kalinowski),Yes,No,7,https://apor-formation.fr/rgpd | https://apor-formation.fr/apor/mentions-legales.html | https://apor-formation.fr/archives/contactez-nous.html | https://apor-formation.fr/apor/contactez_nous.html | https://apor-formation.fr/apor/formulaire-de-r%C3%A9clamation-en-ligne | https://www.apor-formation.fr/apor/mentions-legales.html | https://www.apor-formation.fr/apor/contactez_nous.html,"...que de confidentialité, veuillez nous contacter à contact@apor-formation.fr",2026-10-02T08:34:04.381Z
apor-formation.fr,APOR Formation,Vocational Training / Professional Development and Coaching / Employment Integration,recrutement@apor-formation.fr,,,,Recruitment contact,Human Resources / Recruitment,No,Generic,80,,{f}.{last} (observed; compound first names use initials such as mc.kalinowski),Yes,No,2,https://fr.linkedin.com/posts/apor-formation-0146861b7_apor-formation-recrute-formateurtrice-activity-7468290664967958528-OQfL | https://fr.linkedin.com/posts/apor-formation-0146861b7_recrutement-apor-formation-est-pr%C3%A9sent-activity-7324103429029568513-MYMU,Envoyez votre CV et votre lettre de motivation à : recrutement@apor-formation.fr,2026-10-02T08:34:04.381Z
apor-formation.fr,APOR Formation,Vocational Training / Professional Development and Coaching / Employment Integration,contact.daq2630ccma@apor-formation.fr,,,,DAQ 2026-2030 contact,Training Operations / DAQ,No,Generic,80,https://fr.linkedin.com/in/apor-formation-0146861b7,{f}.{last} (observed; compound first names use initials such as mc.kalinowski),Yes,No,2,https://fr.linkedin.com/in/apor-formation-0146861b7 | https://fr.linkedin.com/posts/apor-formation-0146861b7_daq-formation-emploi-activity-7419409202885984256-EfTl,Renseignements : 06 78 31 66 97 | 03 85 58 71 72 | contact.daq2630ccma@apor-formation.fr,2026-10-02T08:34:04.381Z
apor-formation.fr,APOR Formation,Vocational Training / Professional Development and Coaching / Employment Integration,dpo@apor-formation.fr,,,,dpo,,No,Generic,70,,{f}.{last} (observed; compound first names use initials such as mc.kalinowski),Yes,No,1,https://apor-formation.fr/rgpd,...ts à tout moment en nous contactant à l'adresse : dpo@apor-formation.fr.Vous disposez également du droit d'introduire une...,2026-10-02T08:34:04.381Z
afpa.fr,Agence nationale pour la formation professionnelle des adultes (Afpa),Professional Training and Coaching; Public Vocational Education,attestationretraites@afpa.fr,,,,,,No,Personal,65,,first.last (observed in public Afpa documents; not guaranteed for every employee),Yes,No,1,https://www.afpa.fr/particulier/votre-experience-afpa-nous-contacter/demandez-votre-attestation-de-fin-de-formation,Article | Afpa $(document).ready(function(){ jQuery.migrateMute = false; }); // Creation de variables utilisees dans stats.js var env_work =...,Thu Oct 01 2026 09:21:14 GMT+0000 (Coordinated Universal Time)
afpa.fr,Agence nationale pour la formation professionnelle des adultes (Afpa),Professional Training and Coaching; Public Vocational Education,recrutementopvv@afpa.fr,,,,,,No,Personal,65,,first.last (observed in public Afpa documents; not guaranteed for every employee),Yes,No,1,https://www.afpa.fr/actualites/david-vernier-formateur-d-operateurs-de-prise-de-vues,Témoignage 20/05/2016 Collaboration prestigieuse : l'Afpa et l'INA forment des opérateurs de prise de vue // On change le titre de la page e...,Thu Oct 01 2026 09:21:14 GMT+0000 (Coordinated Universal Time)
afpa.fr,Agence nationale pour la formation professionnelle des adultes (Afpa),Professional Training and Coaching; Public Vocational Education,accessibilite@afpa.fr,,,,Accessibility contact,Accessibility,No,Generic,70,,first.last (observed in public Afpa documents; not guaranteed for every employee),Yes,No,1,https://www.afpa.fr/accessibilite,Vous pouvez contacter le responsable du site ... Envoyer un message électronique à l'Agence nationale pour la formation professionnelle : accessibilite@afpa.fr,Thu Oct 01 2026 09:21:14 GMT+0000 (Coordinated Universal Time)
afpa.fr,Agence nationale pour la formation professionnelle des adultes (Afpa),Professional Training and Coaching; Public Vocational Education,cooperation-internationale@afpa.fr,,,,Departmental contact,International Cooperation,No,Generic,70,,first.last (observed in public Afpa documents; not guaranteed for every employee),Yes,No,1,https://www.afpa.fr/groupe-afpa/connaitre-l-afpa-cooperation-internationale/38029338-34,Pour contacter la Direction de la Coopération Internationale : cooperation-internationale@afpa.fr,Thu Oct 01 2026 09:21:14 GMT+0000 (Coordinated Universal Time)
afpa.fr,Agence nationale pour la formation professionnelle des adultes (Afpa),Professional Training and Coaching; Public Vocational Education,afpa-international@afpa.fr,,,,Departmental contact,International Business and Training,No,Generic,70,,first.last (observed in public Afpa documents; not guaranteed for every employee),Yes,No,1,https://www.afpa.fr/entreprise/concevoir-vos-projets-de-formation/partez-a-la-conquete-de-l-international-avec-l-afpa-,Pour la conduite de projets complexes ... afpa-international@afpa.fr,Thu Oct 01 2026 09:21:14 GMT+0000 (Coordinated Universal Time)
afpa.fr,Agence nationale pour la formation professionnelle des adultes (Afpa),Professional Training and Coaching; Public Vocational Education,matu.infos@afpa.fr,,,,Program contact,Apprenticeship Tutor and Mentor Training,No,Generic,70,,first.last (observed in public Afpa documents; not guaranteed for every employee),Yes,No,1,https://www.afpa.fr/actualites/formation-pour-maitres-d-apprentissage-et-tuteurs,Nous contacter (matu.infos@afpa.fr),Thu Oct 01 2026 09:21:14 GMT+0000 (Coordinated Universal Time)
afpa.fr,Agence nationale pour la formation professionnelle des adultes (Afpa),Professional Training and Coaching; Public Vocational Education,alliance@afpa.fr,,,,Departmental contact,Afpa Entreprises / Grand Est,No,Generic,70,,first.last (observed in public Afpa documents; not guaranteed for every employee),Yes,No,1,https://www.afpa.fr/documents/21653/0/Bulletin-Inscription-FormationBtoB/93466c50-6b0d-4a1c-8ef0-0f3b543273f7,Bulletin à renvoyer par mail à : Alliance@afpa.fr,Thu Oct 01 2026 09:21:14 GMT+0000 (Coordinated Universal Time)
afpa.fr,Agence nationale pour la formation professionnelle des adultes (Afpa),Professional Training and Coaching; Public Vocational Education,entreprises-hautsdefrance@afpa.fr,,,,Departmental contact,Business Services - Hauts-de-France,No,Generic,70,,first.last (observed in public Afpa documents; not guaranteed for every employee),Yes,No,1,https://www.afpa.fr/documents/21653/0/Catalogue%20e-formation%20Afpa%20HDF/48dc667f-b881-43a3-bc22-eadd1b9e6a25,Vous pouvez nous adresser votre demande à Entreprises-HautsdeFrance@afpa.fr,Thu Oct 01 2026 09:21:14 GMT+0000 (Coordinated Universal Time)
hesio.fr,HESIO CONSEIL,Vocational Training / Professional Integration / Language Education,tapalea@hesio.fr,,,,responsable scientifique et concepteur du projet,,Yes,Personal,80,,unknown,Yes,No,2,https://www.hesio.fr/blog | https://www.hesio.fr/blog/projet-tapalea-traitement-automatique-de-la-parole-pour-l-apprentissage-ou-le-r%C3%A9-apprentissage-de-la-lecture-et-de-l-%C3%89criture-aux-adulte,...Contactez-nous à l’adresse générique du projet : tapalea@hesio.fr ou contactez la référente d’ingénierie pédagogiqu...,2026-10-02T08:34:38.405Z
hesio.fr,HESIO CONSEIL,Vocational Training / Professional Integration / Language Education,contact@hesio.fr,,,,General Contact,General Administration,No,Generic,80,,unknown,Yes,No,5,https://www.hesio.fr/ | https://www.hesio.fr/si%C3%A8ge-social | https://www.hesio.fr/linguistique/formation-en-langues-%C3%A9trang%C3%A8res | https://www.hesio.fr/linguistique/francais-%C3%A0-vis%C3%A9e-professionnel | https://www.hesio.fr/siège-social,contact@hesio.fr,2026-10-02T08:34:38.405Z
kedi-formation.fr,,,,,,,,,,,,,,Yes,No,0,,No public emails found in crawled perimeter,2026-10-02T08:35:26.624Z
aefti51.com,AEFTI Marne — Association pour l’Enseignement et la Formation – Trajectoire Insertion,Training and professional development; social and civic organization; employment and socio-professional insertion,aefti-marne@aefti51.com,Aefti,Marne,Aefti Marne,,,No,Personal,85,,"initial+surname (observed, e.g. srocourt@aefti51.com, sleroux@aefti51.com, ydiabate@aefti51.com); do not infer unlisted addresses",Yes,No,6,https://www.aefti51.com/nous-contacter/ | https://www.aefti51.com/mentions-legales/ | https://www.aefti51.com/recrutons-un-formateur-une-formatrice-specialise-e-en-vente-commerce/ | https://www.aefti51.com/recrute-un-formateur-une-formatrice/ | https://www.aefti51.com/cours-danglais/ | https://www.aefti51.com/reunion-dinformation-collective-preparation-clea/,aefti-marne@aefti51.com,2026-10-02T08:35:56.203Z
aefti51.com,AEFTI Marne — Association pour l’Enseignement et la Formation – Trajectoire Insertion,Training and professional development; social and civic organization; employment and socio-professional insertion,aefti-epernay@aefti51.com,,,,Épernay site contact,Épernay,No,Generic,70,,"initial+surname (observed, e.g. srocourt@aefti51.com, sleroux@aefti51.com, ydiabate@aefti51.com); do not infer unlisted addresses",Yes,No,1,https://epernay.fr/sortir-bouger/associations/annuaire-des-associations/aefti,aefti-epernay@aefti51.com,2026-10-02T08:35:56.203Z
rdd08.fr,La Ronde des Découvertes 08,Continuing Adult Education / Vocational Training,accueil@rdd08.fr,Siège,Social,Siège Social,directeur du centre,,Yes,Generic,90,,,Yes,No,3,https://rdd08.fr/ | https://rdd08.fr/contact/ | https://www.boamp.fr/telechargements/FILES/PDF/2024/02/24-17146.pdf,...onsulter le certificat du centre ici Siège Social accueil@rdd08.fr 07 77 99 72 34 19 Av. de Montcy-Notre-Dame08000 C...,2026-10-02T08:36:06.512Z
hommendevenir.com,,,,,,,,,,,,,,Yes,No,0,,No public emails found in crawled perimeter,2026-10-02T08:37:03.302Z
crfp.eu,,,service.communication@crfp.eu,Service,Communication,Service Communication,,,No,Personal,75,,{first}.{last},Yes,No,1,https://www.crfp.eu/bilan-de-competences/,"...https://www.facebook.com/CRFPformation""],""email"":""service.communication@crfp.eu""},{""@type"":""WebSite"",""@id"":""https://www.crfp.eu/#...",2026-10-02T08:38:20.143Z
crfp.eu,,,accueil.toulouse@crfp.eu,Accueil,Toulouse,Accueil Toulouse,,,No,Personal,75,,{first}.{last},Yes,No,1,https://www.crfp.eu/15117-2/,...Nos équipes sont à votre écoute ! 05 62 52 74 89 accueil.toulouse@crfp.eu Formulaire de contact,2026-10-02T08:38:20.143Z
crfp.eu,,,accueil.e2cnarbonne@crfp.eu,,,,,,No,Personal,65,,{first}.{last},Yes,No,1,https://www.crfp.eu/ecole-de-la-2e-chance/narbonne/,"...venue Gustave Eiffel, 11100 Narbonne04 68 40 34 12accueil.e2cnarbonne@crfp.eu",2026-10-02T08:38:20.143Z
crfp.eu,,,groupement.ofii2025@crfp.eu,,,,,,No,Personal,65,,{first}.{last},Yes,No,1,https://www.crfp.eu/formation/ofii/,...rientales (66) – Tarn (81) – Tarn et Garonne (82) groupement.ofii2025@crfp.eu,2026-10-02T08:38:20.143Z
crfp.eu,,,crfp34m.prescriptions@crfp.eu,,,,,,No,Personal,65,,{first}.{last},Yes,No,1,https://www.crfp.eu/nos-centres/herault/crfp-lunel/,...Nos équipes sont à votre écoute ! 04 67 67 93 36 crfp34m.prescriptions@crfp.eu Formulaire de contact,2026-10-02T08:38:20.143Z
dec-ecorh.com,,,contact@dec-ecorh.com,,,,owner,,Yes,Generic,80,,,Yes,No,35,https://dec-ecorh.com/ | https://dec-ecorh.com/fr/contactez-nous/ | https://dec-ecorh.com/contact-us/ | https://dec-ecorh.com/fr/notre-equipe/ | https://dec-ecorh.com/mentions-legales/ | https://dec-ecorh.com/our-team/ | https://dec-ecorh.com/fr/master-europeen-en-management-et-strategie-dentreprise/ | https://dec-ecorh.com/management-and-business-strategy/ | https://dec-ecorh.com/fr/mentions-legales-2/ | https://dec-ecorh.com/apply/ | https://dec-ecorh.com/our-collaborators/ | https://dec-ecorh.com/useful-tips-for-everyday-life/ | https://dec-ecorh.com/fr/prendre-un-rendez-vous/ | https://dec-ecorh.com/digital-entrepreneur-campus/ | https://dec-ecorh.com/fr/notre-ecole/ | https://dec-ecorh.com/fr/nos-partenaires/ | https://dec-ecorh.com/fr/conseils-pratiques-au-quotidien/ | https://dec-ecorh.com/fr/responsable-dentreprise-deconomie-sociale-et-solidaire/ | https://dec-ecorh.com/social-economy-business-manager/ | https://dec-ecorh.com/admission-requirements/ | https://dec-ecorh.com/fr/prerequis-et-processus-dadmission/ | https://dec-ecorh.com/fr/tarif-des-formations/ | https://dec-ecorh.com/program-fees-details/ | https://dec-ecorh.com/the-application-assist/ | https://dec-ecorh.com/fr/guide-de-candidature/ | https://dec-ecorh.com/fr/formulaire-de-candidature/ | https://dec-ecorh.com/application-form/ | https://dec-ecorh.com/mandatory-admnistrative-procedures/ | https://dec-ecorh.com/fr/demarches-administratives-obligatoires/ | https://dec-ecorh.com/fr/travailler-en-tant-quetudiant-etranger-en-france/ | https://dec-ecorh.com/working-as-an-international-student-in-france/ | https://dec-ecorh.com/welcome-guide/ | https://dec-ecorh.com/fr/guide-de-bienvenue/ | https://dec-ecorh.com/european-bachelor-degree-marketing-and-trade-development-officer/ | https://dec-ecorh.com/fr/accueil/,"...téléphonique) +33 7 75 76 64 12 (WhatsApp) E-mail contact@dec-ecorh.com Adresse 710 Rue d'Alco, 34080 Montpellier Mention...",2026-10-02T08:38:27.710Z
groupeavenirperformance.eu,Groupe Avenir Performance,Professional Training and Coaching; Education Administration Programs; Workplace Safety and Prevention,support@groupeavenirperformance.eu,,,,responsable du traitement et de les transf,,Yes,Generic,80,,not established from public evidence,Yes,No,4,http://groupeavenirperformance.eu/politique-de-cookies-eu/ | http://groupeavenirperformance.eu/politique-de-confidentialite/ | https://groupeavenirperformance.eu/contact/ | https://groupeavenirperformance.eu/politique-de-confidentialite/,...web : http://groupeavenirperformance.eu E-mail : support@groupeavenirperformance.eu Cette politique de cookies a été synchronisée ave...,2026-10-02T08:39:10.937Z
ihnice.com,International House Nice,Education / Language Education / International Student Training,fairouz@ihnice.com,,,,advisor,,No,Personal,70,,mixed; no single reliable pattern confirmed,Yes,No,1,https://www.ihnice.com/find-us,...ase contact our advisor at the following address: fairouz@ihnice.com,2026-10-02T08:39:27.011Z
ihnice.com,International House Nice,Education / Language Education / International Student Training,info@ihnice.com,,,,General information / admissions / partnerships,General,No,Generic,80,,mixed; no single reliable pattern confirmed,Yes,No,38,https://www.ihnice.com/contact | https://www.ihnice.com/ | https://www.ihnice.com/fr | https://www.ihnice.com/ru | https://www.ihnice.com/cn | https://www.ihnice.com/nl | https://www.ihnice.com/ihnice-our-school | https://www.ihnice.com/fr/contact | https://www.ihnice.com/commitment-to-quality | https://www.ihnice.com/find-us | https://www.ihnice.com/general-french-course | https://www.ihnice.com/activities | https://www.ihnice.com/intensive-french | https://www.ihnice.com/delf-exam-preparation | https://www.ihnice.com/private-lessons | https://www.ihnice.com/ministay | https://www.ihnice.com/Bildungsurlaub | https://www.ihnice.com/pcto-school-trips-nice | https://www.ihnice.com/english-for-kids-and-teens | https://www.ihnice.com/holday-english-programmes | https://www.ihnice.com/75-language-training-paca | https://www.ihnice.com/civic-exam | https://www.ihnice.com/enrolment | https://www.ihnice.com/tef-exams | https://www.ihnice.com/how-to-enrol | https://www.ihnice.com/enrolment-and-quotation | https://www.ihnice.com/download-our-brochures | https://www.ihnice.com/kahoko-testimonial | https://www.ihnice.com/callum-testimonial | https://www.ihnice.com/aza-testimonial | https://www.ihnice.com/alexander-testimonial | https://www.ihnice.com/therese-testimonial | https://www.ihnice.com/linda-testimonial | https://www.ihnice.com/prices-for-our-programmes | https://www.ihnice.com/prices-for-accommodation | https://www.ihnice.com/online-test | https://www.linkedin.com/company/ihnice/ | https://www.ihnice.com/terms-and-conditions,E-mail : info@ihnice.com,2026-10-02T08:39:27.011Z
supdec.fr,,,,,,,,,,,,,,Yes,No,0,,No public emails found in crawled perimeter,2026-10-02T08:40:07.194Z
assofac.org,Assofac,Continuing education and vocational training,undetermined@assofac.org,Aurore,Arnaux,Aurore Arnaux,Regional training contact,Training operations,No,Personal,90,,undetermined,Yes,No,3,https://www.intercariforef.org/formations/titre-professionnel-responsable-de-petite-ou-moyenne-structure/assofac-siege/formation-07_2484724F_812806S.html | https://formation.centre-valdeloire.fr/formation/pdf-details-session/607086S | https://gipalfa.centre-valdeloire.fr/sites/alfacentre/files/media/document/2025-04/TF-OF-SFCT-Carte28_a.pdf,Responsable: Aurore ARNAUX ASSOFAC ... a.arnaux@assofac.org.,2026-10-02T08:40:54.901Z
assofac.org,Assofac,Continuing education and vocational training,service-communication@assofac.org,Service,Communication,Service Communication,,,No,Personal,85,,undetermined,Yes,No,35,https://www.assofac.org/contact | https://www.assofac.org/ | https://www.assofac.org/a-propos | https://www.assofac.org/assofac-presse-ils-parlent-de-nous | https://www.assofac.org/technicien-assistance-informatique | https://www.assofac.org/mentions-l%C3%A9gales | https://www.assofac.org/contactez-nous-assofac | https://www.assofac.org/recrutement | https://www.assofac.org/contact-cellule-medico-sociale | https://www.assofac.org/post/8-qualites-du-technicien-assistance-informatique | https://www.assofac.org/post/l-insertion-comme-mission-la-pedagogie-inclusive-comme-support | https://www.assofac.org/post/devenir-un-technicien-d-assistance-en-informatique-le-parcours-%C3%A0-suivre | https://www.assofac.org/post/defis-recrutement-secteur-tertiaire-solutions-assofac | https://www.assofac.org/post/qu-est-ce-que-la-poe-comprendre-ce-dispositif-pour-s%C3%A9curiser-vos-recrutements | https://www.assofac.org/post/comment-faire-une-formation-de-technicien-d-assistance-en-informatique-tai | https://www.assofac.org/post/le-m%C3%A9tier-de-formateur-la-passion-de-transmettre-et-d-inspirer | https://www.assofac.org/post/les-d%C3%A9fis-d-une-recherche-d-emploi-les-conseils-d-assofac-pour-les-surmonter | https://www.assofac.org/blog-assofac/tags/technicien-d-assistance-en-informatique-1 | https://www.assofac.org/post/jean-baptiste-43-ans-un-parcours-inspirant-vers-le-titre-tai | https://www.assofac.org/post/livre-fle-a1-la-m%C3%A9thode-id%C3%A9ale-pour-apprendre-le-fran%C3%A7ais-quand-on-d%C3%A9bute | https://www.assofac.org/post/apprendre-le-fran%C3%A7ais-langue-%C3%A9trang%C3%A8re-fle-m%C3%A9thodes-astuces-et-outils | https://www.assofac.org/post/comparatif-formation-pr%C3%A9sentiel-vs-%C3%A0-distance-chez-assofac | https://www.assofac.org/post/les-m%C3%A9tiers-qui-recrutent-en-2025-pourquoi-la-reconversion-est-la-cl%C3%A9-de-l-avenir-professionnel | https://www.assofac.org/post/en-quoi-un-centre-de-formation-comme-assofac-peut-il-changer-votre-parcours-professionnel | https://www.assofac.org/post/un-guide-pratique-indispensable | https://www.assofac.org/post/comment-la-poe-favorise-l-inclusion-professionnelle-un-levier-pour-l-%C3%A9galit%C3%A9-des-chances | https://www.assofac.org/post/cv-sur-canva-attention-aux-pi%C3%A8ges-des-ats | https://www.assofac.org/post/comment-accompagner-les-apprenants-fle-vers-l-autonomie-linguistique | https://www.assofac.org/post/devenir-assistant-un-m%C3%A9tier-d-avenir-en-r%C3%A9gion-paca | https://www.assofac.org/post/devenir-formateur-pour-adultes-fpa-et-si-c-%C3%A9tait-votre-prochain-m%C3%A9tier | https://www.assofac.org/post/grandir-avec-la-formation-assistant-commercial-chez-assofac-en-r%C3%A9gion-paca | https://www.assofac.org/post/apprendre-le-fran%C3%A7ais-pour-travailler-comment-le-fle-peut-il-%C3%AAtre-un-tremplin-vers-l-emploi | https://www.assofac.org/post/rencontre-mairie-romainville-opportunite-apprenants-assistante-de-vie-aux-familles | https://www.assofac.org/post/surmontez-la-maladie-comment-la-formation-facilite-la-r%C3%A9insertion-professionnelle-1 | https://www.assofac.org/partenaires-engages-assofac,...siège : siege@assofac.org Contact service com' : service-communication@assofac.org,2026-10-02T08:40:54.901Z
assofac.org,Assofac,Continuing education and vocational training,siege@assofac.org,,,,Headquarters contact,General / Headquarters,No,Personal,80,,undetermined,Yes,No,34,https://www.assofac.org/contact | https://www.assofac.org/ | https://www.assofac.org/a-propos | https://www.assofac.org/assofac-presse-ils-parlent-de-nous | https://www.assofac.org/technicien-assistance-informatique | https://www.assofac.org/mentions-l%C3%A9gales | https://www.assofac.org/contactez-nous-assofac | https://www.assofac.org/recrutement | https://www.assofac.org/contact-cellule-medico-sociale | https://www.assofac.org/post/8-qualites-du-technicien-assistance-informatique | https://www.assofac.org/post/l-insertion-comme-mission-la-pedagogie-inclusive-comme-support | https://www.assofac.org/post/devenir-un-technicien-d-assistance-en-informatique-le-parcours-%C3%A0-suivre | https://www.assofac.org/post/defis-recrutement-secteur-tertiaire-solutions-assofac | https://www.assofac.org/post/qu-est-ce-que-la-poe-comprendre-ce-dispositif-pour-s%C3%A9curiser-vos-recrutements | https://www.assofac.org/post/comment-faire-une-formation-de-technicien-d-assistance-en-informatique-tai | https://www.assofac.org/post/le-m%C3%A9tier-de-formateur-la-passion-de-transmettre-et-d-inspirer | https://www.assofac.org/post/les-d%C3%A9fis-d-une-recherche-d-emploi-les-conseils-d-assofac-pour-les-surmonter | https://www.assofac.org/blog-assofac/tags/technicien-d-assistance-en-informatique-1 | https://www.assofac.org/post/jean-baptiste-43-ans-un-parcours-inspirant-vers-le-titre-tai | https://www.assofac.org/post/livre-fle-a1-la-m%C3%A9thode-id%C3%A9ale-pour-apprendre-le-fran%C3%A7ais-quand-on-d%C3%A9bute | https://www.assofac.org/post/apprendre-le-fran%C3%A7ais-langue-%C3%A9trang%C3%A8re-fle-m%C3%A9thodes-astuces-et-outils | https://www.assofac.org/post/comparatif-formation-pr%C3%A9sentiel-vs-%C3%A0-distance-chez-assofac | https://www.assofac.org/post/les-m%C3%A9tiers-qui-recrutent-en-2025-pourquoi-la-reconversion-est-la-cl%C3%A9-de-l-avenir-professionnel | https://www.assofac.org/post/en-quoi-un-centre-de-formation-comme-assofac-peut-il-changer-votre-parcours-professionnel | https://www.assofac.org/post/un-guide-pratique-indispensable | https://www.assofac.org/post/comment-la-poe-favorise-l-inclusion-professionnelle-un-levier-pour-l-%C3%A9galit%C3%A9-des-chances | https://www.assofac.org/post/cv-sur-canva-attention-aux-pi%C3%A8ges-des-ats | https://www.assofac.org/post/comment-accompagner-les-apprenants-fle-vers-l-autonomie-linguistique | https://www.assofac.org/post/devenir-assistant-un-m%C3%A9tier-d-avenir-en-r%C3%A9gion-paca | https://www.assofac.org/post/devenir-formateur-pour-adultes-fpa-et-si-c-%C3%A9tait-votre-prochain-m%C3%A9tier | https://www.assofac.org/post/grandir-avec-la-formation-assistant-commercial-chez-assofac-en-r%C3%A9gion-paca | https://www.assofac.org/post/apprendre-le-fran%C3%A7ais-pour-travailler-comment-le-fle-peut-il-%C3%AAtre-un-tremplin-vers-l-emploi | https://www.assofac.org/post/rencontre-mairie-romainville-opportunite-apprenants-assistante-de-vie-aux-familles | https://www.assofac.org/post/surmontez-la-maladie-comment-la-formation-facilite-la-r%C3%A9insertion-professionnelle-1,...42 20-22 rue Gambetta - 3ème étage 92000 NANTERRE siege@assofac.org,2026-10-02T08:40:54.901Z
assofac.org,Assofac,Continuing education and vocational training,a.cenini@assofac.org,,,,,,No,Personal,65,,undetermined,Yes,No,1,https://www.assofac.org/technicien-assistance-informatique,...entive. Référent Paris : Aurélien Cénini / mail : a.cenini@assofac.org​,2026-10-02T08:40:54.901Z
assofac.org,Assofac,Continuing education and vocational training,cf06@assofac.org,,,,,,No,Personal,65,,undetermined,Yes,No,1,https://www.assofac.org/contact,...ORMATION 06 31 TER rue Barla 1er étage 06000 Nice cf06@assofac.org 04 65 07 16 04 ​ CENTRE DE FORMATION 06 6 rue lam...,2026-10-02T08:40:54.901Z
assofac.org,Assofac,Continuing education and vocational training,cf36@assofac.org,,,,,,No,Personal,65,,undetermined,Yes,No,1,https://www.assofac.org/contact,...3 Place Colbert 36000 CHÂTEAUROUX 02 57 48 03 17 cf36@assofac.org www.assofac-regioncentre.org ​ ​ CENTRE DE FORMAT...,2026-10-02T08:40:54.901Z
assofac.org,Assofac,Continuing education and vocational training,cf69@assofac.org,,,,,,No,Personal,65,,undetermined,Yes,No,1,https://www.assofac.org/contact,...uble le SAXO - JDS Center 3ème étage 38200 Vienne cf69@assofac.org 04 65 07 16 04 ​ CENTRE DE FORMATION 38 3 passe R...,2026-10-02T08:40:54.901Z
assofac.org,Assofac,Continuing education and vocational training,cf75@assofac.org,,,,,,No,Personal,65,,undetermined,Yes,No,1,https://www.assofac.org/contact,...43 bis rue d'Hautpoul 75019 PARIS 01 76 34 08 51 cf75@assofac.org ​ ​ CENTRE DE FORMATION 92 NANTERRE 1 32 avenue d...,2026-10-02T08:40:54.901Z
assofac.org,Assofac,Continuing education and vocational training,cf92@assofac.org,,,,,,No,Personal,65,,undetermined,Yes,No,1,https://www.assofac.org/contact,...l'Île Saint-Martin 92000 NANTERRE 01 80 21 13 84 cf92@assofac.org ​​​​ ​ CENTRE DE FORMATION 93 MONTREUIL 14 rue de...,2026-10-02T08:40:54.901Z
assofac.org,Assofac,Continuing education and vocational training,cf93@assofac.org,,,,,,No,Personal,65,,undetermined,Yes,No,1,https://www.assofac.org/contact,...Bât C - 4ème étage 93100 MONTREUIL 01 80 21 14 04 cf93@assofac.org ​ ​ CENTRE DE FORMATION 94 FONTENAY-SOUS-BOIS 12...,2026-10-02T08:40:54.901Z
assofac.org,Assofac,Continuing education and vocational training,cf95@assofac.org,,,,,,No,Personal,65,,undetermined,Yes,No,1,https://www.assofac.org/contact,...e la gare 2ème étage 95110 SANNOIS 01 76 34 12 37 cf95@assofac.org ​ ​ CENTRE DE FORMATION 92 ASNIÈRES 41 rue Gallie...,2026-10-02T08:40:54.901Z
id-formation.com,ID Formation,Professional Training and Coaching; Adult Continuing Education; Workforce Development,eric.faidherbe@id-formation.com,Eric,Faidherbe,Éric Faidherbe,President and Chief Executive Officer / PDG,Executive,Yes,Personal,100,https://fr.linkedin.com/in/eric-faidherbe-a74473122,{first}.{last},Yes,No,3,https://id-formation.com/ | https://fr.linkedin.com/posts/id-formation_idformation30ans-fiert%C3%A9collective-merci%C3%A9ric-activity-7275759345525526530-DvdS | https://fr.linkedin.com/in/eric-faidherbe-a74473122,Nomination du Directeur Général : Éric FAIDHERBE ... Election du Président du Conseil d’Administration : Éric FAIDHERBE.,2026-10-02T08:41:06.839Z
id-formation.com,ID Formation,Professional Training and Coaching; Adult Continuing Education; Workforce Development,mahbouba.guehria@id-formation.com,Mahbouba,Guehria,Mahbouba Guehria,Directrice territoriale Île-de-France,Regional operations,Yes,Personal,100,,{first}.{last},Yes,No,2,https://fr.linkedin.com/posts/id-formation_formation-bonheur-travail-activity-7027286279687938048-Qfpq | https://fr.linkedin.com/posts/id-formation_idformation30ans-fiert%C3%A9collective-merci%C3%A9ric-activity-7275759345525526530-DvdS,Nous félicitons Mahbouba GUEHRIA notre Directrice Territoriale Ile de France entourée de ses 12 managers...,2026-10-02T08:41:06.839Z
id-formation.com,ID Formation,Professional Training and Coaching; Adult Continuing Education; Workforce Development,souleymene.meslem@id-formation.com,Souleymene,Meslem,Souleymene Meslem,Responsable recrutement et évaluation des compétences,Recruitment and competency assessment,Yes,Personal,95,,{first}.{last},Yes,No,1,https://recrutement-emploi.id-formation.com/people/2566966-souleymene-meslem,Souleymene MESLEM — Responsable recrutement et évaluation des compétences – Recrutement.,2026-10-02T08:41:06.839Z
id-formation.com,ID Formation,Professional Training and Coaching; Adult Continuing Education; Workforce Development,christine.desmet@id-formation.com,Christine,De Smet,Christine De Smet,Directrice de l’agence Amiens Sud,Regional operations,Yes,Personal,95,https://fr.linkedin.com/in/christine-de-smet-5b05a219b,{first}.{last},Yes,No,1,https://fr.linkedin.com/in/christine-de-smet-5b05a219b,C’est avec une joie teintée d’émotion que je vous annonce ma nomination comme Directrice de l’agence Amiens Sud...,2026-10-02T08:41:06.839Z
id-formation.com,ID Formation,Professional Training and Coaching; Adult Continuing Education; Workforce Development,enis.saoudi@id-formation.com,Enis,Saoudi,Enis Saoudi,Responsable projet; responsable des partenariats et de la promotion du Conseil en évolution professionnelle,"Projects, partnerships and CEP",Yes,Personal,95,,{first}.{last},Yes,No,1,https://id-formation.com/2020/07/31/,"Zoom sur Enis Saoudi, l’un de nos responsables projet pour le Conseil en Evolution Professionnelle ... Enis Saoudi est responsable projet mais aussi responsable des partenariats et de la promotion du Conseil en évolution professionnelle (CEP) pour les Hauts-de-France.",2026-10-02T08:41:06.839Z
id-formation.com,ID Formation,Professional Training and Coaching; Adult Continuing Education; Workforce Development,dorothee.degand@id-formation.com,Dorothee,Degand,Dorothée Degand,Handicap référente; senior company collaborator,"Quality, inclusion and accessibility",No,Personal,100,https://fr.linkedin.com/in/dorothee-degand-1329a964,{first}.{last},Yes,No,3,https://www.certificat-clea.fr/media/2023/02/Annuaire_CLEA_2023.pdf | https://fr.linkedin.com/posts/id-formation_inclusion-handicapinvisible-idformation-activity-7266699674701422592-4qJA | https://fr.linkedin.com/in/dorothee-degand-1329a964,Organisme : ID FORMATION ... Contact : DEGAND Dorothée ... Email : dorothee.degand@id-formation.fr,2026-10-02T08:41:06.839Z
id-formation.com,ID Formation,Professional Training and Coaching; Adult Continuing Education; Workforce Development,celine.lebon@id-formation.com,Celine,Lebon,Celine Lebon,Regional staff member; exact title not publicly disclosed,Operations / learner support,No,Personal,100,https://fr.linkedin.com/in/celine-lebon-cl,{first}.{last},Yes,No,2,https://fr.linkedin.com/in/celine-lebon-cl | https://fr.linkedin.com/posts/id-formation_idformation30ans-fiert%C3%A9collective-merci%C3%A9ric-activity-7275759345525526530-DvdS,ID FORMATION — Littoral 62,2026-10-02T08:41:06.839Z
id-formation.com,ID Formation,Professional Training and Coaching; Adult Continuing Education; Workforce Development,sara.guiolet@id-formation.com,Sara,Guiolet,Sara Guiolet,Chargée de recrutement,Recruitment,No,Personal,95,,{first}.{last},Yes,No,1,https://recrutement-emploi.id-formation.com/people/2732341-sara-guiolet,Sara GUIOLET — Chargée de recrutement – Recrutement.,2026-10-02T08:41:06.839Z
id-formation.com,ID Formation,Professional Training and Coaching; Adult Continuing Education; Workforce Development,vincent.bogandamackpayen@id-formation.com,Vincent,Boganda Mackpayen,Vincent Boganda Mackpayen,Chargé de recrutement,Recruitment,No,Personal,95,,{first}.{last},Yes,No,1,https://recrutement-emploi.id-formation.com/people/2732340-vincent-boganda-mackpayen,Vincent BOGANDA MACKPAYEN — Chargé de recrutement – Recrutement.,2026-10-02T08:41:06.839Z
id-formation.com,ID Formation,Professional Training and Coaching; Adult Continuing Education; Workforce Development,viviane.barbuto@id-formation.com,Viviane,Barbuto,Viviane Barbuto,Chargée de recrutement,Recruitment,No,Personal,95,,{first}.{last},Yes,No,1,https://recrutement-emploi.id-formation.com/people/2567062-viviane-barbuto,Viviane BARBUTO — Chargée de recrutement – Recrutement.,2026-10-02T08:41:06.839Z
id-formation.com,ID Formation,Professional Training and Coaching; Adult Continuing Education; Workforce Development,gabrielle.guerrin@id-formation.com,Gabrielle,Guerrin,Gabrielle Guerrin,Consultante experte,Professional integration and inclusion,No,Personal,95,,{first}.{last},Yes,No,1,https://fr.linkedin.com/posts/id-formation_inclusion-handicapinvisible-idformation-activity-7266699674701422592-4qJA,"Un grand merci à Dorothée Degand, référente handicap chez ID Formation et Gabrielle Guerrin, consultante experte pour leur expertise et leur soutien dans l’inclusion professionnelle.",2026-10-02T08:41:06.839Z
id-formation.com,ID Formation,Professional Training and Coaching; Adult Continuing Education; Workforce Development,amar.meddah@id-formation.com,Amar,Meddah,Amar Meddah,Professional training staff; exact title not publicly disclosed,Training and learner support,No,Personal,95,https://fr.linkedin.com/in/amar-meddah-ba088086,{first}.{last},Yes,No,1,https://fr.linkedin.com/in/amar-meddah-ba088086,Au service de la formation professionnelle et des apprenants depuis 10 ans après une...,2026-10-02T08:41:06.839Z
id-formation.com,ID Formation,Professional Training and Coaching; Adult Continuing Education; Workforce Development,odysseas.mourikis@id-formation.com,Odysseas,Mourikis,Odysseas Mourikis,Formateur Designer UI; later role not disclosed,Digital learning / UI design,No,Personal,95,https://fr.linkedin.com/in/odysseas-mourikis-952288105,{first}.{last},Yes,No,1,https://fr.linkedin.com/in/odysseas-mourikis-952288105,"Après 4 ans en tant que formateur Designer UI, je suis très heureux d’annoncer que j’occupe désormais le poste de...",2026-10-02T08:41:06.839Z
id-formation.com,ID Formation,Professional Training and Coaching; Adult Continuing Education; Workforce Development,jessica.karam@id-formation.com,Jessica,Karam,Jessica Karam,Consultante,Consulting and professional integration,No,Personal,95,https://fr.linkedin.com/in/jessica-karam-79a006125,{first}.{last},Yes,No,1,https://fr.linkedin.com/in/jessica-karam-79a006125,"Je suis consultante chez ID FORMATION, où je mets en œuvre mon diplôme d’état...",2026-10-02T08:41:06.839Z
id-formation.com,ID Formation,Professional Training and Coaching; Adult Continuing Education; Workforce Development,rosemonde.agboton@id-formation.com,Rosemonde,Agboton,Rosemonde Agboton,Formatrice et consultante en accompagnement des adultes,Training and adult learner support,No,Personal,95,https://fr.linkedin.com/in/rosemonde-agboton,{first}.{last},Yes,No,1,https://fr.linkedin.com/in/rosemonde-agboton,Formatrice et consultante en accompagnement des adultes...,2026-10-02T08:41:06.839Z
id-formation.com,ID Formation,Professional Training and Coaching; Adult Continuing Education; Workforce Development,vincent.boulanger@id-formation.com,Vincent,Boulanger,Vincent Boulanger,Learning engineering / AI-assisted pedagogical design project contributor,Digital learning and pedagogical engineering,No,Personal,95,https://fr.linkedin.com/in/animalcompagnie,{first}.{last},Yes,No,1,https://fr.linkedin.com/in/animalcompagnie,"Il y a 8 mois, j’arrivais chez ID FORMATION ... mettre en place un processus de construction de séquençages pédagogiques ... 78 parcours de formation ... plusieurs assistants d’intelligence artificielle.",2026-10-02T08:41:06.839Z
acopad-centredeformation.com,,,,,,,,,,,,,,Yes,No,0,,No public emails found in crawled perimeter,2026-10-02T08:42:13.323Z
adeos-formations.com,Adeos Formations,Professional Training and Coaching; Continuing Adult Education,contact@adeos-formations.com,,,,General contact,General / Admissions / Sales,No,Generic,80,https://www.linkedin.com/company/adeos-formations/,not established; no reliable basis to infer personal addresses,Yes,No,3,https://www.adeos-formations.com/contact/ | https://www.adeos-formations.com/mentions-legales/ | https://www.linkedin.com/company/adeos-formations/,Siège social ... 04 69 64 72 07 ... contact@adeos-formations.com,2026-10-02T08:42:34.054Z
appcasso.fr,Association Promotion Pédagogie et Culture (APPC),Civic and Social Organizations; Education and Training; Social Inclusion,appc@appcasso.fr,,,,General association contact; recruitment and applications,General / Administration / Recruitment,No,Personal,80,,not established,Yes,No,21,https://appcasso.fr/ | https://appcasso.fr/Contact/ | https://appcasso.fr/en/Contact/ | https://appcasso.fr/de/Contact/ | https://appcasso.fr/en/ | https://appcasso.fr/de/ | https://appcasso.fr/en/Reservation/ | https://appcasso.fr/de/Reservation/ | https://appcasso.fr/Reservation/ | https://appcasso.fr/Chambres/ | https://appcasso.fr/en/Chambres/ | https://appcasso.fr/de/Chambres/ | https://appcasso.fr/Services/ | https://appcasso.fr/en/Services/ | https://appcasso.fr/de/Services/ | https://appcasso.fr/Politiques/ | https://appcasso.fr/en/Politiques/ | https://appcasso.fr/de/Politiques/ | https://appc-idf.com/contact/ | https://arfa-idf.asso.fr/wp-content/uploads/2025/07/%F0%9F%93%A2-OFFRE-DAPPRENTISSAGE.pdf | https://www.sarcelles.fr/wp-content/uploads/2025/06/Annuaire_interieure_Num_2025.pdf,E-mail: appc@appcasso.fr,2026-10-02T08:43:19.817Z
appcasso.fr,Association Promotion Pédagogie et Culture (APPC),Civic and Social Organizations; Education and Training; Social Inclusion,reservation@appcasso.fr,,,,Reservations contact,Reservations / Accommodation,No,Personal,80,,not established,Yes,No,6,https://appcasso.fr/Contact/ | https://appcasso.fr/en/Contact/ | https://appcasso.fr/de/Contact/ | https://appcasso.fr/en/Reservation/ | https://appcasso.fr/de/Reservation/ | https://appcasso.fr/Reservation/,Contact window.useTrailingSlashes = true; window.disableRightClick = false; window.currLang = 'fr'; $(function () { }); Accueil Services Cha...,2026-10-02T08:43:19.817Z
afci-formation.fr,A.F.C.I. / AFCI Formation,Professional Training and Coaching / Adult Continuing Education / Employment Integration,julien.bianco@afci-formation.fr,Julien,Bianco,Julien Bianco,Directeur R,,Yes,Personal,90,,first.last (documented for several public addresses; initials and functional aliases are also used),Yes,No,8,https://www.afci-formation.fr/integrer-legalite-f-h-dans-les-pratiques-rh/ | https://www.afci-formation.fr/tp-cuisinier/ | https://www.afci-formation.fr/cap_patisserie/ | https://www.afci-formation.fr/formation/assistante-de-vie-aux-familles/ | https://www.afci-formation.fr/archive/advd/ | https://www.afci-formation.fr/archive/assistante-maternelle-garde-denfant/ | https://www.afci-formation.fr/employe-familial/ | https://www.afci-formation.fr/formation/administrateur-dinfrastructures-securiees/,"...rance : Monsieur Julien BIANCO, Directeur Régionaljulien.bianco@afci-formation.fr",2026-10-02T08:43:54.107Z
afci-formation.fr,A.F.C.I. / AFCI Formation,Professional Training and Coaching / Adult Continuing Education / Employment Integration,mazeen.ranamohammad@afci-formation.fr,Mazeen,Ranamohammad,Mazeen Ranamohammad,Directeur R,,Yes,Personal,90,,first.last (documented for several public addresses; initials and functional aliases are also used),Yes,No,5,https://www.afci-formation.fr/integrer-legalite-f-h-dans-les-pratiques-rh/ | https://www.afci-formation.fr/formation/agent-de-service-medico-social/ | https://www.afci-formation.fr/formation/auxiliaire-ambulancier/ | https://www.afci-formation.fr/formation/secretaire-assistante-medico-administratif/ | https://www.afci-formation.fr/formation/employee-administratif-et-daccueil/,"...rance : Madame Mazeen RANAMOHAMMAD, Coordinatrice mazeen.ranamohammad@afci-formation.frContact Hauts de France : Monsieur Julien BIANCO,...",2026-10-02T08:43:54.107Z
afci-formation.fr,A.F.C.I. / AFCI Formation,Professional Training and Coaching / Adult Continuing Education / Employment Integration,administration@afci-formation.fr,,,,Directrice de publication,,Yes,Personal,80,,first.last (documented for several public addresses; initials and functional aliases are also used),Yes,No,35,https://www.afci-formation.fr/ | https://www.afci-formation.fr/notre-equipe/ | https://www.afci-formation.fr/qui-sommes-nous/ | https://www.afci-formation.fr/mentions-legales/ | https://www.afci-formation.fr/form-e-lcms/ | https://www.afci-formation.fr/integrer-legalite-f-h-dans-les-pratiques-rh/ | http://dev.afci-formation.fr/mentions-legales/ | https://www.afci-formation.fr/toutesnosformations/ | https://www.afci-formation.fr/nos-outils-pedagogiques/ | https://www.afci-formation.fr/nos-partenaires/ | https://www.afci-formation.fr/cap-cuisine/ | https://www.afci-formation.fr/tp-cuisinier/ | https://www.afci-formation.fr/tp-cuisinier-en-restauration-collective/ | https://www.afci-formation.fr/formation/employe-polyvalent-en-restauration/ | https://www.afci-formation.fr/cap-cshr/ | https://www.afci-formation.fr/tp-serveur-en-restauration/ | https://www.afci-formation.fr/acces-a-la-qualification-metiers-de-lhotellerie-restauration/ | https://www.afci-formation.fr/elementor-32313/ | https://www.afci-formation.fr/cap_patisserie/ | https://www.afci-formation.fr/cap-boucher/ | https://www.afci-formation.fr/cqp-boucher/ | https://www.afci-formation.fr/formation/assistante-de-vie-aux-familles/ | https://www.afci-formation.fr/formation/agent-de-service-medico-social/ | https://www.afci-formation.fr/archive/advd/ | https://www.afci-formation.fr/archive/assistante-maternelle-garde-denfant/ | https://www.afci-formation.fr/employe-familial/ | https://www.afci-formation.fr/formation/auxiliaire-ambulancier/ | https://www.afci-formation.fr/formation/administrateur-dinfrastructures-securiees/ | https://www.afci-formation.fr/formation/secretaire-assistante-medico-administratif/ | https://www.afci-formation.fr/formation/employee-administratif-et-daccueil/ | https://www.afci-formation.fr/formation/formation-linguistique/ | https://www.afci-formation.fr/formation/parcours-dentree-dans-lemploi/ | https://www.afci-formation.fr/formation/referent-digital/ | https://www.afci-formation.fr/formation/anglais-a-visee-professionnelle/ | https://www.afci-formation.fr/wp-content/uploads/2025/10/Livret-accueil-SITE-INTERNET.pdf,"...llevue, 92100 Boulogne-Billancourt 01.47.12.01.73 administration@afci-formation.fr 9h - 17h Nos locaux sont accessibles aux personne...",2026-10-02T08:43:54.107Z
afci-formation.fr,A.F.C.I. / AFCI Formation,Professional Training and Coaching / Adult Continuing Education / Employment Integration,ahcene.boukerma@afci-formation.fr,Ahcene,Boukerma,Ahcene Boukerma,,,No,Personal,85,,first.last (documented for several public addresses; initials and functional aliases are also used),Yes,No,11,https://www.afci-formation.fr/cap-cuisine/ | https://www.afci-formation.fr/tp-cuisinier/ | https://www.afci-formation.fr/tp-cuisinier-en-restauration-collective/ | https://www.afci-formation.fr/formation/employe-polyvalent-en-restauration/ | https://www.afci-formation.fr/cap-cshr/ | https://www.afci-formation.fr/tp-serveur-en-restauration/ | https://www.afci-formation.fr/acces-a-la-qualification-metiers-de-lhotellerie-restauration/ | https://www.afci-formation.fr/elementor-32313/ | https://www.afci-formation.fr/cap_patisserie/ | https://www.afci-formation.fr/cap-boucher/ | https://www.afci-formation.fr/cqp-boucher/,"...rContacts : Monsieur Ahcène BOUKERMA, Coordinateurahcene.boukerma@afci-formation.fr",2026-10-02T08:43:54.107Z
afci-formation.fr,A.F.C.I. / AFCI Formation,Professional Training and Coaching / Adult Continuing Education / Employment Integration,pascaline.beck@afci-formation.fr,Pascaline,Beck,Pascaline Beck,,,No,Personal,85,,first.last (documented for several public addresses; initials and functional aliases are also used),Yes,No,2,https://www.afci-formation.fr/formation/referent-digital/ | https://www.afci-formation.fr/formation/anglais-a-visee-professionnelle/,"...6 Contacts : Madame Pascaline BECK, Coordinatrice pascaline.beck@afci-formation.fr",2026-10-02T08:43:54.107Z
afci-formation.fr,A.F.C.I. / AFCI Formation,Professional Training and Coaching / Adult Continuing Education / Employment Integration,celia.moussaoui@afci-formation.fr,Celia,Moussaoui,Celia Moussaoui,,,No,Personal,75,,first.last (documented for several public addresses; initials and functional aliases are also used),Yes,No,1,https://www.afci-formation.fr/formation/parcours-dentree-dans-lemploi/,"...ame Celia MOUSSAOUI, coordinatrice Département 78 celia.moussaoui@afci-formation.fr Contact : Madame Hélène OUANES, coordinatrice Dép...",2026-10-02T08:43:54.107Z
afci-formation.fr,A.F.C.I. / AFCI Formation,Professional Training and Coaching / Adult Continuing Education / Employment Integration,helene.ouanes@afci-formation.fr,Helene,Ouanes,Helene Ouanes,,,No,Personal,75,,first.last (documented for several public addresses; initials and functional aliases are also used),Yes,No,1,https://www.afci-formation.fr/formation/parcours-dentree-dans-lemploi/,"...adame Hélène OUANES, coordinatrice Département 93 helene.ouanes@afci-formation.fr",2026-10-02T08:43:54.107Z
afci-formation.fr,A.F.C.I. / AFCI Formation,Professional Training and Coaching / Adult Continuing Education / Employment Integration,mv.boedot@afci-formation.fr,Mv,Boedot,Mv Boedot,,,No,Personal,75,,first.last (documented for several public addresses; initials and functional aliases are also used),Yes,No,1,https://www.afci-formation.fr/formation/formation-linguistique/,"...act : Madame Marie-Virginie BOEDOT, coordinatrice mv.boedot@afci-formation.fr",2026-10-02T08:43:54.107Z
afci-formation.fr,A.F.C.I. / AFCI Formation,Professional Training and Coaching / Adult Continuing Education / Employment Integration,afcihdf@afci-formation.fr,,,,Hauts-de-France regional contact,Regional Administration / Recruitment,No,Generic,80,https://www.linkedin.com/company/afci-formation,first.last (documented for several public addresses; initials and functional aliases are also used),Yes,No,2,https://www.linkedin.com/company/afci-formation | https://fr.linkedin.com/in/lydia-ait-madi-649745333,Contactez-nous... E-mail : afcihdf@afci-formation.fr,2026-10-02T08:43:54.107Z
afci-formation.fr,A.F.C.I. / AFCI Formation,Professional Training and Coaching / Adult Continuing Education / Employment Integration,sanitaire.social@afci-formation.fr,,,,Sanitary and social department contact,Sanitary and Social Training,No,Generic,70,,first.last (documented for several public addresses; initials and functional aliases are also used),Yes,No,1,https://dev.afci-formation.fr/mystaging01/elementor-28941/,sanitaire.social@afci-formation.fr,2026-10-02T08:43:54.107Z
ressourcesformation.fr,,,awa.niang@ressourcesformation.fr,,,,,,No,Personal,75,,{first}.{last},Yes,No,5,https://ressourcesformation.fr/description/cap-aepe-en-alternance | https://ressourcesformation.fr/description/titre-professionnel-receptionniste-en-hotellerie | https://ressourcesformation.fr/description/cap-cuisine | https://ressourcesformation.fr/description/cap-boulanger | https://ressourcesformation.fr/description/cap-patissier-en-alternance-rncp38765,...tion.fr Responsable de la formation : Awa NIANG - awa.niang@ressourcesformation.fr Je m'inscris Télécharger la plaquette Une questio...,2026-10-02T08:44:38.150Z
ressourcesformation.fr,,,administration@ressourcesformation.fr,,,,,,No,Personal,65,,{first}.{last},Yes,No,1,https://ressourcesformation.fr/home/page/mentions_legales,Courriel : administration@ressourcesformation.fr,2026-10-02T08:44:38.150Z
ressourcesformation.fr,,,pee94@ressourcesformation.fr,,,,,,No,Personal,65,,{first}.{last},Yes,No,1,https://ressourcesformation.fr/description/pee-parcours-securise-metiers-de-la-logistique-preparateur-de-commandes-en-entrepot,...5 jours suivant le recrutement. Pour s'inscrire : pee94@ressourcesformation.fr Vous êtes en situation de handicap ? Nous sommes...,2026-10-02T08:44:38.150Z
ressourcesformation.fr,,,contact@ressourcesformation.fr,,,,,,No,Generic,75,,{first}.{last},Yes,No,13,https://ressourcesformation.fr/description/cap-aepe-en-alternance | https://ressourcesformation.fr/description/cap-boulanger-rncp37537 | https://ressourcesformation.fr/description/tp-commis-de-cuisine-rncp38722-formation-conventionnee | https://ressourcesformation.fr/description/tp-employee-polyvalente-de-restauration-rncp38722-formation-conventionnee | https://ressourcesformation.fr/description/sauveteur-secouriste-du-travail-sst | https://ressourcesformation.fr/description/mac-sst | https://ressourcesformation.fr/description/titre-professionnel-gouvernant-en-hotellerie | https://ressourcesformation.fr/description/titre-professionnel-receptionniste-en-hotellerie | https://ressourcesformation.fr/description/cap-cuisine | https://ressourcesformation.fr/description/cap-boulanger | https://ressourcesformation.fr/description/cap-patissier-en-alternance-rncp38765 | https://ressourcesformation.fr/uploads/sample_formation/documents/a34077cb-40fe-4116-88c6-80565abd7312.pdf | https://ressourcesformation.fr/description/pee-parcours-securise-metiers-de-la-logistique-preparateur-de-commandes-en-entrepot,...entretien de positionnement. Référent handicap : contact@ressourcesformation.fr Responsable de la formation : Awa NIANG - awa.nia...,2026-10-02T08:44:38.150Z
ressourcesformation.fr,,,recrutement@ressourcesformation.fr,,,,,,No,Generic,75,,{first}.{last},Yes,No,12,https://ressourcesformation.fr/description/cap-aepe-en-alternance | https://ressourcesformation.fr/description/cap-boulanger-rncp37537 | https://ressourcesformation.fr/description/tp-commis-de-cuisine-rncp38722-formation-conventionnee | https://ressourcesformation.fr/description/tp-employee-polyvalente-de-restauration-rncp38722-formation-conventionnee | https://ressourcesformation.fr/description/cap-aepe-eligible-cpf | https://ressourcesformation.fr/description/sauveteur-secouriste-du-travail-sst | https://ressourcesformation.fr/description/mac-sst | https://ressourcesformation.fr/description/titre-professionnel-gouvernant-en-hotellerie | https://ressourcesformation.fr/description/titre-professionnel-receptionniste-en-hotellerie | https://ressourcesformation.fr/description/cap-cuisine | https://ressourcesformation.fr/description/cap-boulanger | https://ressourcesformation.fr/description/cap-patissier-en-alternance-rncp38765,...idater tout au long de l’année.Envoyer votre CV à recrutement@ressourcesformation.frConvocation à une réunion d’information collective...,2026-10-02T08:44:38.150Z
area-formation.fr,,,contact@area-formation.fr,,,,,,No,Generic,65,,,Yes,No,1,http://www.area-formation.fr/wp-content/uploads/2015/11/FICHE-ACTION-CA-75.pdf,Discovered on http://www.area-formation.fr/wp-content/uploads/2015/11/FICHE-ACTION-CA-75.pdf,2026-10-02T08:44:52.193Z
afapformation.fr,,,d.dreets@afapformation.fr,des,DREETS,des DREETS,Directions régionales de l’économie,,No,Personal,35,,{f}.{last},No,No,1,https://www.afpa.fr/faq,"nistère du Travail au travers des DREETS (Directions régionales de l’économie, de l’emploi, du travail et des",2026-10-02T08:45:29.588Z
elfe-paris.com,"Elfe Paris / ELFE, École de Langue Française Étrangère",Higher Education / Language Education / Professional Training,contact@elfe-paris.com,,,,General contact,General / Admissions,No,Generic,80,,not established from public sources; no personal email addresses were inferred,Yes,No,5,https://elfe-paris.com/mentions-legales/ | https://elfe-paris.com/en/legal-information | https://elfe-paris.com/mentions-legales | https://fr.linkedin.com/company/elfe-paris | https://elfe-paris.com/contact/,...#8211; France Téléphone : 01 48 78 73 00 E-mail : contact@elfe-paris.com Hébergeur : Cloudways (https://www.cloudways.com/...,2026-10-02T08:45:43.799Z
elfe-paris.com,"Elfe Paris / ELFE, École de Langue Française Étrangère",Higher Education / Language Education / Professional Training,examens@elfe-paris.com,,,,Examinations contact,Examinations / TCF / TEF / Civic Examination,No,Generic,80,,not established from public sources; no personal email addresses were inferred,Yes,No,3,https://elfe-paris.com/en/registration-for-a-french-test/ | https://elfe-paris.com/examens-de-francais/tcf-tout-public/ | https://elfe-paris.com/en/civic-examination/,"Merci de prendre contact avec Lina Hamrouni, responsable du pôle examens ... examens@elfe-paris.com.",2026-10-02T08:45:43.799Z
aecd.fr,,,sur-demande@aecd.fr,sur,demande,sur demande,dg,,Yes,Personal,55,,{first}-{last},Yes,No,1,https://www.aecd.fr/wp-content/uploads/2026/06/FC2026-FLE-Visee-Pro-UM.pdf,▶ Devis personnalisé sur demande : dg-martinique@aecd.fr … demande de contact avec : dg-martinique@ae,2026-10-02T08:46:49.977Z
aecd.fr,,,contact-avec@aecd.fr,contact,avec,contact avec,dg,,Yes,Personal,55,,{first}-{last},Yes,No,1,https://www.aecd.fr/wp-content/uploads/2026/06/FC2026-FLE-Visee-Pro-UM.pdf,rtinique@aecd.fr … demande de contact avec : dg-martinique@aecd.fr. Nous contacter pour obtenir les dates et l,2026-10-02T08:46:49.977Z
aecd.fr,,,dg-martinique@aecd.fr,,,,,,No,Personal,80,,{first}-{last},Yes,No,1,https://www.aecd.fr/wp-content/uploads/2026/06/FC2026-FLE-Visee-Pro-UM.pdf,Discovered on https://www.aecd.fr/wp-content/uploads/2026/06/FC2026-FLE-Visee-Pro-UM.pdf,2026-10-02T08:46:49.977Z
aecd.fr,,,dg@aecd.fr,,,,,,No,Personal,80,,{first}-{last},Yes,No,1,https://www.aecd.fr/nous-contacter/,Discovered on https://www.aecd.fr/nous-contacter/,2026-10-02T08:46:49.977Z
arep.re,Association Réunionnaise d’Éducation Populaire (AREP),Non-profit organizations; vocational training; social action; community development,undetermined@arep.re,Larissa,Coupan,Larissa Coupan,TCF IRN contact / registration contact,Language testing and integration,No,Personal,80,,undetermined,Yes,No,1,https://www.arep.re/wp-content/uploads/2023/01/FICHE-TCF.pdf,Coupan Larissa : 0692 07 39 69/ 0262 35 09 12- Mail : coupan.larissa@arep.re,2026-10-02T08:46:50.559Z
arep.re,Association Réunionnaise d’Éducation Populaire (AREP),Non-profit organizations; vocational training; social action; community development,siege-social@arep.re,,,,Head-office contact,Head office / General contact,No,Generic,80,,undetermined,Yes,No,3,https://www.arep.re/wp-content/uploads/2021/05/accessibilite_locaux.pdf | https://www.arep.re/wp-content/uploads/2023/01/FICHE-TCF.pdf | https://solidarites.gouv.fr/sites/solidarite/files/2024-05/Liste_PCB%20labellis%C3%A9s_2024.pdf,"SIDR Front de mer - Bât G - BP 103, 97410 SAINT-PIERRE, siege-social@arep.re",2026-10-02T08:46:50.559Z
arep.re,Association Réunionnaise d’Éducation Populaire (AREP),Non-profit organizations; vocational training; social action; community development,communication@arep.re,,,,Communications contact,Communications,No,Generic,70,https://www.linkedin.com/company/association-reunionnaise-education-populaire,undetermined,Yes,No,1,https://www.linkedin.com/company/association-reunionnaise-education-populaire,AREP - Association Réunionnaise d'Education Populaire ... Je reste disponible par mail si vous avez besoin de précisions ou d’aide. communication@arep.re,2026-10-02T08:46:50.559Z
c-filfrance.com,,,f.adami@c-filfrance.com,,,,,,No,Personal,75,,{f}.{last},Yes,No,27,https://c-filfrance.com/?elementskit_template=footer | https://c-filfrance.com/ | https://c-filfrance.com/nous-contacter/ | https://c-filfrance.com/c-fil-ih-paris/ | https://c-filfrance.com/hesio-conseil/ | https://c-filfrance.com/ih-nice/ | https://c-filfrance.com/ih-nancy/ | https://c-filfrance.com/europass-strasbourg/ | https://c-filfrance.com/politique-de-confidentialite/ | https://c-filfrance.com/nos-services/enseignement-de-langues-etrangeres/ | https://c-filfrance.com/test-de-competences/test-de-francais/ | https://c-filfrance.com/nos-services/enseignement-de-langues-etrangeres-2/ | https://c-filfrance.com/nos-services/remise-a-niveau/ | https://c-filfrance.com/nos-services/formation-de-formateurs/ | https://c-filfrance.com/test-de-competences/test-ditalien/ | https://c-filfrance.com/test-de-competences/test-despagnol/ | https://c-filfrance.com/test-de-competences/test-danglais/ | https://c-filfrance.com/test-de-competences/test-dallemand/ | https://c-filfrance.com/test-de-competences/ | https://c-filfrance.com/nos-services/insertion-professionnelle/ | https://c-filfrance.com/nos-partenaires/ | https://c-filfrance.com/politique-de-cookies-ue/ | https://c-filfrance.com/nos-labels/ | https://c-filfrance.com/nos-services/ | http://c-filfrance.com/politique-de-confidentialite/ | http://c-filfrance.com/politique-de-cookies-ue/ | https://c-filfrance.com/qsm_quiz/test-ditalien/,"...L"",""description"":""\u00c0 propos +33 7 77 93 75 10 f.adami@c-filfrance.com Politique de confidentialit\u00e9 Politique de co...",2026-10-02T08:47:39.789Z
sudformation13.fr,,,accueil@sudformation13.fr,,,,responsable de traitement de l,,Yes,Generic,80,,,Yes,No,5,https://sudformation13.fr/contactez-sud-formation/ | https://sudformation13.fr/mentions-legales/ | https://sudformation13.fr/bop-104-parcours-dintegration-professionnelle-et-linguistique-pour-les-primo-arrivants/ | https://sudformation13.fr/sas-diagnostic-projet/ | https://sudformation13.fr/nos-formations/tcf-sinscrire-en-ligne/,...Oblec13010 Marseille Tél.: 04 91 75 11 68E-mail : accueil@sudformation13.fr Horaires : du lundi au vendredide 8h30 à 12h00 et...,2026-10-02T08:47:51.337Z
esf-formations.com,ESF - Emploi Services Formation,Professional Training and Coaching,pmallenbarret@esf-formations.com,Pascal,Mallen-Barret,Pascal Mallen-Barret,Professor / company manager; current LinkedIn affiliation is ESF - Emploi Services Formation,Executive / Management,Yes,Personal,100,https://fr.linkedin.com/in/pascal-mallen-barret-00a052270,{f}{last},No,No,3,https://www.linkedin.com/company/esf---emploi-services-formation | https://fr.linkedin.com/in/pascal-mallen-barret-00a052270 | https://www.ardechois-a-paris.org/ressources/ardeche-parisienne-n-1085-hiver-2016-FR-13.pdf,Employees at ESF - Emploi Services Formation: Pascal Mallen-Barret.,2026-10-02T08:48:38.054Z
esf-formations.com,ESF - Emploi Services Formation,Professional Training and Coaching,oalves@esf-formations.com,Olinda,Alves,Olinda Alves,Formadora / Trainer,Training,No,Personal,100,https://fr.linkedin.com/in/olinda-alves-432237129,{f}{last},No,No,4,https://www.linkedin.com/company/esf---emploi-services-formation | https://fr.linkedin.com/pub/dir/Olinda/%2B/fr-5227-Paris-et-p%C3%A9riph%C3%A9rie | https://contactout.com/company/ESF-Emploi-Services-Formation-39045 | https://fr.linkedin.com/in/olinda-alves-432237129,Employees at ESF - Emploi Services Formation: olinda alves.,2026-10-02T08:48:38.054Z
esf-formations.com,ESF - Emploi Services Formation,Professional Training and Coaching,cforstin@esf-formations.com,Cosette,Forstin,Cosette Forstin,Formateur / Trainer,Training,No,Personal,100,https://fr.linkedin.com/in/cosette-forstin-855238143,{f}{last},No,No,3,https://www.linkedin.com/company/esf---emploi-services-formation | https://contactout.com/company/ESF-Emploi-Services-Formation-39045 | https://fr.linkedin.com/in/cosette-forstin-855238143,Employees at ESF - Emploi Services Formation: Cosette Forstin.,2026-10-02T08:48:38.054Z
esf-formations.com,ESF - Emploi Services Formation,Professional Training and Coaching,sebode@esf-formations.com,Serge,Ebode,Serge Ebode,Gestionnaire de paie / Payroll administrator,Finance / Administration,No,Personal,100,https://fr.linkedin.com/in/serge-ebode-29829943,{f}{last},No,No,2,https://fr.linkedin.com/in/serge-ebode-29829943 | https://contactout.com/company/ESF-Emploi-Services-Formation-39045,Serge EBODE; ESF - Emploi Services Formation appears under Experience.,2026-10-02T08:48:38.054Z
esf-formations.com,ESF - Emploi Services Formation,Professional Training and Coaching,tmellouet@esf-formations.com,Tifenn,Mellouët,Tifenn Mellouët,Conseillère en insertion professionnelle / Employment-integration counselor,Training / Employment Integration,No,Personal,100,https://fr.linkedin.com/in/tifenn-mellou%C3%ABt-4bb361a3,{f}{last},No,No,2,https://fr.linkedin.com/in/tifenn-mellou%C3%ABt-4bb361a3 | https://contactout.com/company/ESF-Emploi-Services-Formation-39045,Tifenn Mellouët; ESF - Emploi Services Formation appears under Experience.,2026-10-02T08:48:38.054Z
esf-formations.com,ESF - Emploi Services Formation,Professional Training and Coaching,ykadi@esf-formations.com,Yaghmorassene,Kadi,Yaghmorassene Kadi,Enseignant FLE/FLS / French as a foreign or second language teacher,Training / Languages,No,Personal,100,https://fr.linkedin.com/in/yaghmorassene-kadi-929404146,{f}{last},No,No,2,https://fr.linkedin.com/in/yaghmorassene-kadi-929404146 | https://contactout.com/company/ESF-Emploi-Services-Formation-39045,Yaghmorassene Kadi; ESF - Emploi Services Formation appears under Experience.,2026-10-02T08:48:38.054Z
esf-formations.com,ESF - Emploi Services Formation,Professional Training and Coaching,lgore@esf-formations.com,Leonie,Gore,Leonie Gore,Formateur bureautique / Office-software trainer,Training / Digital Skills,No,Personal,90,,{f}{last},No,No,1,https://contactout.com/company/ESF-Emploi-Services-Formation-39045,Leonie Gore — Formateur bureautique.,2026-10-02T08:48:38.054Z
esf-formations.com,ESF - Emploi Services Formation,Professional Training and Coaching,nlandrynjitat@esf-formations.com,Nina,Landry Njitat,Nina Landry Njitat,Stagiaire de la formation / Training trainee,Training,No,Personal,90,,{f}{last},No,No,1,https://contactout.com/company/ESF-Emploi-Services-Formation-39045,Nina Landry Njitat — Stagiaire de la formation.,2026-10-02T08:48:38.054Z
esf-formations.com,ESF - Emploi Services Formation,Professional Training and Coaching,ctoure@esf-formations.com,Charline,Toure,Charline Toure,Agent de sûreté sécurité / Security officer,Operations / Security Training,No,Personal,90,,{f}{last},No,No,1,https://contactout.com/company/ESF-Emploi-Services-Formation-39045,Charline Toure — Agent de sûreté sécurité.,2026-10-02T08:48:38.054Z
esf-formations.com,ESF - Emploi Services Formation,Professional Training and Coaching,kmezouari@esf-formations.com,Khoukha,Mezouari,Khoukha Mezouari,Assistante polyvalente / Administrative assistant,Administration / Operations,No,Personal,90,,{f}{last},No,No,1,https://contactout.com/company/ESF-Emploi-Services-Formation-39045,Khoukha Mezouari — Assistante polyvalente.,2026-10-02T08:48:38.054Z
esf-formations.com,ESF - Emploi Services Formation,Professional Training and Coaching,ssalam@esf-formations.com,Sarah,Salam,Sarah Salam,Agent,Operations,No,Personal,90,,{f}{last},No,No,1,https://contactout.com/company/ESF-Emploi-Services-Formation-39045,Sarah Salam — Agent.,2026-10-02T08:48:38.054Z
esf-formations.com,ESF - Emploi Services Formation,Professional Training and Coaching,amaurice@esf-formations.com,Alain,Maurice,Alain Maurice,Retraité / Retired,Unknown,No,Personal,90,,{f}{last},No,No,1,https://contactout.com/company/ESF-Emploi-Services-Formation-39045,Alain Maurice — retraité.,2026-10-02T08:48:38.054Z
esf-formations.com,ESF - Emploi Services Formation,Professional Training and Coaching,cdamiani@esf-formations.com,Christine,Damiani,Christine D. / Christine Damiani,Assistante Administrative et Commerciale / Administrative and Commercial Assistant,Administration / Commercial,No,Personal,90,https://fr.linkedin.com/in/christine-damiani,{f}{last},No,No,1,https://fr.linkedin.com/in/christine-damiani,Christine D.; ESF - Emploi Services Formation; About: Assistante Administrative et Commerciale.,2026-10-02T08:48:38.054Z
esf-formations.com,ESF - Emploi Services Formation,Professional Training and Coaching,jesteves@esf-formations.com,Jérémy,Esteves,Jérémy Esteves,Role not specified in the public profile,Unknown,No,Personal,90,https://fr.linkedin.com/in/j%C3%A9r%C3%A9my-esteves-57a91a58,{f}{last},No,No,1,https://fr.linkedin.com/in/j%C3%A9r%C3%A9my-esteves-57a91a58,Jérémy ESTEVES; ESF - Emploi Services Formation appears under Experience.,2026-10-02T08:48:38.054Z
esf-formations.com,ESF - Emploi Services Formation,Professional Training and Coaching,skouby@esf-formations.com,Sabrina,Kouby,Sabrina Kouby,Role at ESF not specified; ESF - emploi services formation listed in education history,Unknown,No,Personal,90,https://fr.linkedin.com/in/sabrina-kouby-536a31245,{f}{last},No,No,1,https://fr.linkedin.com/in/sabrina-kouby-536a31245,"Sabrina Kouby; ESF - emploi services formation appears in the profile's education history, 2022-2023.",2026-10-02T08:48:38.054Z
esf-formations.com,ESF - Emploi Services Formation,Professional Training and Coaching,lndekere@esf-formations.com,Lydiah,Ndekere,Lydiah Ndekere,Role at ESF not specified; current profile shows Institut Henri Poincaré,Unknown,No,Personal,90,https://fr.linkedin.com/in/lydiah-ndekere,{f}{last},No,No,1,https://fr.linkedin.com/in/lydiah-ndekere,"Lydiah Ndekere; Institut Henri Poincaré is current, while ESF - Emploi Services Formation appears in the profile history.",2026-10-02T08:48:38.054Z
esf-formations.com,ESF - Emploi Services Formation,Professional Training and Coaching,cambroise@esf-formations.com,Carrina,Ambroise,Carrina Ambroise,Role at ESF not specified; current profile shows MP People,Unknown,No,Personal,90,https://fr.linkedin.com/in/carrina-ambroise-a3b8a515,{f}{last},No,No,1,https://fr.linkedin.com/in/carrina-ambroise-a3b8a515,"Carrina Ambroise; current profile shows MP People, while ESF Emploi Services Formation appears in education history for 2023.",2026-10-02T08:48:38.054Z
fore.fr,FORE,Professional Training and Coaching; Technical and Vocational Training,deborah.goeusse@fore.fr,Deborah,Goeusse,Deborah Goeusse,responsable de traitement des donn,,Yes,Personal,90,,not reliably established from public sources; do not infer personal addresses,Yes,No,3,https://www.fore.fr/politique-de-confidentialite/ | https://www.fore.fr/entreprise/ | https://www.fore.fr/apprentissage/,"...pe. Téléphone : 0590 38 22 78 – Adresse contact : deborah.goeusse@fore.frLe Site : FORE L’ensemble du (des) site(s), pages...",2026-10-02T08:49:25.387Z
fore.fr,FORE,Professional Training and Coaching; Technical and Vocational Training,fore.entreprise@fore.fr,Fore,Entreprise,Fore Entreprise,,,No,Personal,85,,not reliably established from public sources; do not infer personal addresses,Yes,No,3,https://www.fore.fr/entreprise/ | https://www.linkedin.com/company/foreentreprise | https://www.fore.fr/entreprise/wp-content/uploads/2026/03/planning-INTERENTREPRISE-S1-2026.pdf,...ement ou sur simple demande par email à l’adresse fore.entreprise@fore.fr. Une réponse vous sera adressée dans les 48h,2026-10-02T08:49:25.387Z
fore.fr,FORE,Professional Training and Coaching; Technical and Vocational Training,mathieu.janus@fore.fr,Mathieu,Janus,Mathieu Janus,,,No,Personal,85,,not reliably established from public sources; do not infer personal addresses,Yes,No,3,https://www.fore.fr/apprentissage/ | https://www.fore.fr/idn/ | https://www.fore.fr/martinique/,...nale et international : Mathieu&nbsp;JANUS&nbsp;/ mathieu.janus@fore.fr&nbsp; Des référents numériques sont également pré...,2026-10-02T08:49:25.387Z
fore.fr,FORE,Professional Training and Coaching; Technical and Vocational Training,apprentissage.idn@fore.fr,Apprentissage,Idn,Apprentissage Idn,,,No,Personal,75,,not reliably established from public sources; do not infer personal addresses,Yes,No,1,https://www.fore.fr/idn/,...Estate97150 Saint-Martin0590 87 41 20 idn@fore.frapprentissage.idn@fore.fr FORE garantit l’égalité d’accès à la formation et...,2026-10-02T08:49:25.387Z
fore.fr,FORE,Professional Training and Coaching; Technical and Vocational Training,jacques.lefoll@fore.fr,Jacques,Lefoll,Jacques Lefoll,,,No,Personal,75,,not reliably established from public sources; do not infer personal addresses,Yes,No,1,https://www.fore.fr/martinique/,Référent handicap : Jacques Lefoll / jacques.lefoll@fore.fr,2026-10-02T08:49:25.387Z
fore.fr,FORE,Professional Training and Coaching; Technical and Vocational Training,marie-josie.lujien@fore.fr,Marie,Josie lujien,Marie Josie lujien,,,No,Personal,75,,not reliably established from public sources; do not infer personal addresses,Yes,No,1,https://www.fore.fr/niji40/,"...re de Grand-Bourg Marie-Galante : 0590 84 61 24 / marie-josie.lujien@fore.fr CAPTAIN ALTERNANCE, le Bateau UN VOILIER 100% REC...",2026-10-02T08:49:25.387Z
fore.fr,FORE,Professional Training and Coaching; Technical and Vocational Training,michella.rosamont@fore.fr,Michella,Rosamont,Michella Rosamont,,,No,Personal,75,,not reliably established from public sources; do not infer personal addresses,Yes,No,1,https://www.fore.fr/idn/,"...dispositif.Référent handicap : Michella ROSAMONT michella.rosamont@fore.fr Le Contrat d’Apprentissage, c’est quoi ? Le contr...",2026-10-02T08:49:25.387Z
fore.fr,FORE,Professional Training and Coaching; Technical and Vocational Training,michelle.pharose@fore.fr,Michelle,Pharose,Michelle Pharose,,,No,Personal,75,,not reliably established from public sources; do not infer personal addresses,Yes,No,1,https://www.fore.fr/martinique/,...nationale et internationale : Michelle PHAROSE / michelle.pharose@fore.fr,2026-10-02T08:49:25.387Z
fore.fr,FORE,Professional Training and Coaching; Technical and Vocational Training,apprentissage@fore.fr,,,,,,No,Personal,75,,not reliably established from public sources; do not infer personal addresses,Yes,No,4,https://www.fore.fr/apprentissage/ | https://www.fore.fr/apprentissage/contact/ | https://www.linkedin.com/company/fore-formation | https://go.fore.fr/,"...rg – ZI JarryBaie Mahault, Guadeloupe0590 38 22 78apprentissage@fore.fr FORE Alternance garantit l’égalité d’accès à la f...",2026-10-02T08:49:25.387Z
fore.fr,FORE,Professional Training and Coaching; Technical and Vocational Training,idn@fore.fr,,,,,,No,Personal,75,,not reliably established from public sources; do not infer personal addresses,Yes,No,2,https://www.fore.fr/idn/ | https://www.linkedin.com/company/fore-ilesdunord,...ucre – Hope Estate97150 Saint-Martin0590 87 41 20 idn@fore.frapprentissage.idn@fore.fr FORE garantit l’égalité...,2026-10-02T08:49:25.387Z
fore.fr,FORE,Professional Training and Coaching; Technical and Vocational Training,cristina.fernandes@fore.fr,,,,,,No,Personal,65,,not reliably established from public sources; do not infer personal addresses,Yes,No,1,https://www.fore.fr/apprentissage/,...agogique TP &amp; BTS : Cristina FERNANDES&nbsp;/ cristina.fernandes@fore.fr&nbsp; Référent numérique et pédagogique Fonds Pub...,2026-10-02T08:49:25.387Z
fore.fr,FORE,Professional Training and Coaching; Technical and Vocational Training,lisa.mulciba@fore.fr,,,,,,No,Personal,65,,not reliably established from public sources; do not infer personal addresses,Yes,No,1,https://www.fore.fr/apprentissage/,"...if. Référente handicap : Lisa&nbsp;Mulciba&nbsp;/ lisa.mulciba@fore.fr / 0590 83 30 80 (disponible mardi, jeudi et vendr...",2026-10-02T08:49:25.387Z
fore.fr,FORE,Professional Training and Coaching; Technical and Vocational Training,martinique@fore.fr,,,,,,No,Personal,65,,not reliably established from public sources; do not infer personal addresses,Yes,No,1,https://www.fore.fr/martinique/,E-mail,2026-10-02T08:49:25.387Z
fore.fr,FORE,Professional Training and Coaching; Technical and Vocational Training,morgann.zou@fore.fr,,,,,,No,Personal,65,,not reliably established from public sources; do not infer personal addresses,Yes,No,1,https://www.fore.fr/apprentissage/,...Etudes supérieurs&nbsp;:&nbsp; Morgann&nbsp;ZOU / morgann.zou@fore.fr Référente numérique et pédagogique TP &amp; BTS :...,2026-10-02T08:49:25.387Z
fore.fr,FORE,Professional Training and Coaching; Technical and Vocational Training,ralph.altidor@fore.fr,,,,,,No,Personal,65,,not reliably established from public sources; do not infer personal addresses,Yes,No,1,https://www.fore.fr/apprentissage/,...pédagogique Fonds Publics : Ralph ALTIDOR&nbsp;/ ralph.altidor@fore.fr&nbsp; Si vous souhaitez des informations compléme...,2026-10-02T08:49:25.387Z
fore.fr,FORE,Professional Training and Coaching; Technical and Vocational Training,apprentissage-martinique@fore.fr,,,,,,No,Generic,75,,not reliably established from public sources; do not infer personal addresses,Yes,No,2,https://fr.linkedin.com/in/michellepharose | https://www.fore.fr/martinique/,INFOS: 0596 68 62 52 / www.fore.fr/martinique / apprentissage-martinique@fore.fr ... Les Hauts de Californie - Le Lamentin,2026-10-02T08:49:25.387Z
frello.fr,,,partenariats@frello.fr,,,,,,No,Personal,65,,,Yes,No,1,https://frello.fr/faq,...ne collaboration.N'hésitez pas à nous contacter à partenariats@frello.fr en nous présentant votre projet.,2026-10-02T08:49:38.308Z
frello.fr,,,support@frello.fr,,,,,,No,Generic,75,,,Yes,No,5,https://frello.fr/mentions-legales | https://frello.fr/cookies | https://frello.fr/faq | https://frello.fr/offres/apprenant | https://frello.fr/politique-de-confidentialite,Email :support@frello.fr,2026-10-02T08:49:38.308Z
envergure.eu,,,neil.graham@envergure.eu,Neil,Graham,Neil Graham,Propriétaire,,Yes,Personal,80,,{first}.{last},Yes,No,1,https://www.envergure.eu/mentions-legales,"DÉFINITIONS Client : tout professionnel ou personne physique capable au sens des articles 1123 et suivants du Code civil, ou personne morale...",2026-10-02T08:50:41.760Z